0.22,0.83,0.37,-2.75,-17.03,-18.80,272,357,433,460,358
0.28,0.88,0.37,-10.99,-27.95,-15.93,274,355,432,462,361
0.00,0.90,0.48,15.63,8.54,13.18,265,355,433,457,354
0.17,0.93,0.38,0.12,-7.02,-0.24,266,355,434,458,357
0.17,0.89,0.39,2.08,-4.21,-1.53,268,355,436,457,358
0.17,0.90,0.40,4.33,-0.31,-2.14,268,355,439,457,358
0.17,0.92,0.39,-0.31,-2.08,-4.46,271,355,433,453,359
0.17,0.90,0.40,-0.85,-3.85,-2.20,270,356,433,460,357
0.15,0.90,0.40,4.03,-11.29,0.12,269,354,431,462,360
0.16,0.85,0.42,0.37,-0.06,2.62,270,358,433,459,363
0.15,0.89,0.38,0.18,2.56,-6.59,272,358,436,458,360
0.12,0.89,0.43,-4.03,-3.66,-2.62,272,360,436,463,362
0.12,0.93,0.43,1.22,-5.00,-1.46,276,359,438,462,363
0.15,0.89,0.40,3.97,-5.00,-1.16,273,363,435,454,362
0.13,0.90,0.41,0.49,-2.20,-3.91,277,360,439,462,363
0.12,0.89,0.43,-9.40,-0.61,-6.35,272,360,434,459,364
0.11,0.89,0.44,-6.65,-2.32,-5.74,276,375,434,460,364
0.13,0.91,0.42,-2.38,-0.92,-4.82,277,360,438,459,364
0.16,0.91,0.41,1.65,-0.92,-7.32,276,360,436,460,362
0.13,0.89,0.41,1.59,-3.30,-6.29,302,360,435,457,364
0.12,0.90,0.41,2.32,-2.81,-1.46,270,364,438,456,361
0.14,0.89,0.43,2.20,-2.56,-1.77,275,359,437,457,365
0.12,0.89,0.43,3.66,-2.75,-1.04,276,359,435,463,366
0.13,0.89,0.42,0.12,-2.26,-4.39,275,363,438,460,364
0.12,0.89,0.43,3.05,-3.30,-1.89,276,359,436,460,365
0.12,0.91,0.42,3.42,-1.83,-2.87,276,363,436,459,366
0.13,0.89,0.41,2.14,-3.30,-2.08,278,362,435,458,366
0.14,0.91,0.41,1.40,-2.20,-1.95,277,360,435,463,368
0.13,0.91,0.41,-2.32,-1.89,-3.54,276,362,435,463,366
0.11,0.89,0.42,1.53,-3.17,-3.36,277,358,450,460,367
0.12,0.89,0.42,-1.40,-3.05,-1.04,277,363,435,460,364
0.12,0.90,0.44,1.16,-1.77,-1.59,280,364,438,454,364
0.11,0.91,0.42,2.26,0.31,-7.87,282,362,435,462,365
0.14,0.92,0.41,7.14,-5.13,0.00,280,362,437,458,368
0.11,0.89,0.41,-0.37,-1.77,-6.59,278,360,432,460,368
0.11,0.91,0.41,-6.53,-3.60,-2.50,301,359,438,458,367
0.12,0.91,0.40,7.20,-3.97,-0.49,277,359,436,458,362
0.09,0.90,0.40,3.91,-1.95,-2.32,273,358,437,457,355
0.11,0.90,0.41,-1.04,-3.66,-2.08,270,357,435,458,357
0.11,0.90,0.44,-2.14,-2.14,-3.85,265,356,436,452,352
0.11,0.89,0.42,4.94,-2.44,-3.23,269,358,447,447,354
0.11,0.89,0.44,0.31,-2.44,-2.20,269,356,433,455,359
0.11,0.89,0.43,0.24,-5.49,0.06,269,358,438,451,357
0.12,0.92,0.42,2.62,-3.66,0.73,273,359,438,454,357
0.13,0.91,0.43,1.40,-3.23,-0.61,273,358,436,455,360
0.17,0.87,0.43,-1.59,0.18,2.20,272,361,437,454,360
0.18,0.86,0.43,2.50,-2.75,-1.71,271,362,435,457,359
0.21,0.90,0.49,-7.57,1.16,0.18,267,351,435,458,341
0.16,0.82,0.50,4.03,-2.93,4.33,260,325,432,452,323
0.23,0.88,0.49,-17.27,-4.46,-10.25,265,350,433,450,339
0.17,0.89,0.44,-3.11,-9.16,-12.08,264,354,436,450,350
-0.01,0.84,0.47,-3.17,5.80,-14.53,266,354,435,451,349
0.09,0.90,0.46,-1.53,-8.91,0.85,266,353,433,454,350
0.07,0.82,0.51,-2.44,-6.65,-1.65,266,355,434,455,350
0.07,0.88,0.51,3.66,3.23,-1.34,270,352,436,453,349
0.03,0.85,0.50,-5.37,0.43,-5.31,274,353,435,458,352
0.28,0.95,0.36,23.32,-20.87,18.13,274,356,437,456,357
0.11,0.85,0.36,12.51,-7.51,9.16,269,348,436,461,353
0.07,0.93,0.35,44.80,16.42,6.16,280,350,436,465,358
0.15,0.95,0.31,-9.40,-0.37,1.10,282,353,437,465,360
0.13,0.97,0.35,9.46,-3.05,0.61,278,350,436,464,363
0.12,0.89,0.35,0.61,-4.09,-1.53,278,351,438,464,363
0.15,0.94,0.37,-3.85,-6.65,-0.06,284,351,439,458,364
0.10,0.96,0.40,-2.69,-2.14,-5.55,280,353,437,463,363
0.19,0.91,0.36,3.36,-8.48,-1.71,279,354,439,465,364
0.11,0.89,0.43,5.80,-1.28,-0.85,281,354,438,474,361
0.16,0.79,0.36,-0.37,-1.89,4.46,278,353,438,465,364
0.20,0.95,0.41,-4.88,2.32,-0.18,280,352,436,461,362
0.13,0.86,0.43,11.05,-2.08,1.53,278,357,437,452,363
0.10,0.86,0.36,-14.04,-1.10,10.25,274,355,436,458,364
0.23,0.82,0.50,8.06,-2.93,4.33,280,356,436,454,364
0.10,0.91,0.44,-8.73,8.91,7.26,282,358,442,460,364
0.18,0.85,0.46,1.34,-7.39,4.03,280,358,435,458,365
0.18,0.88,0.51,-2.14,-0.61,1.53,276,355,435,462,363
0.14,0.91,0.43,3.36,-1.34,-7.08,280,360,434,458,363
0.18,0.86,0.42,-3.72,-6.35,-0.06,281,358,433,459,360
0.21,0.88,0.45,6.84,-3.36,-5.98,281,356,432,458,364
0.17,0.86,0.42,-10.13,-11.05,2.01,282,358,433,463,363
0.22,0.89,0.53,-7.26,-1.10,0.18,279,359,432,463,363
0.14,0.85,0.49,14.83,2.44,-0.37,279,357,435,461,362
0.15,0.84,0.43,-8.85,-2.99,3.30,280,360,433,460,364
0.16,0.87,0.46,-6.35,-8.73,-4.64,281,358,434,462,368
0.21,0.87,0.47,-0.55,-5.80,-0.67,282,358,435,460,366
0.21,0.86,0.46,8.36,-3.48,-2.69,278,360,436,457,363
0.20,0.89,0.43,6.10,-5.37,-9.09,280,358,432,459,362
0.17,0.85,0.42,1.59,0.00,-9.16,277,355,435,461,360
0.25,0.88,0.41,1.22,-9.70,-9.03,279,357,436,465,363
0.22,0.93,0.44,-6.53,-5.74,-4.52,274,358,441,460,364
0.21,0.85,0.46,-8.18,-3.97,-5.37,279,359,435,462,363
0.19,0.82,0.47,2.62,-3.36,0.31,280,362,437,465,362
0.23,0.86,0.43,-16.17,-22.28,34.48,281,360,434,461,365
0.22,0.81,0.45,5.07,-2.75,-7.51,281,361,432,461,361
0.20,0.88,0.43,5.80,-5.74,-2.20,280,356,436,458,364
0.24,0.86,0.45,1.65,-8.30,-8.30,278,355,438,464,362
0.18,0.87,0.46,3.72,-0.55,-2.62,278,352,437,469,361
0.20,0.86,0.44,-4.52,-2.99,-1.10,283,354,435,469,361
0.18,0.87,0.46,2.01,-2.20,-2.44,283,357,434,466,360
0.17,0.90,0.48,-3.54,0.18,-3.85,279,356,437,469,363
0.17,0.89,0.46,7.39,-5.92,6.90,281,360,434,466,362
0.21,0.87,0.46,0.55,0.85,4.70,282,359,434,470,365
0.21,0.88,0.43,5.37,-2.99,-6.04,281,360,437,470,362
0.20,0.90,0.45,2.14,-1.89,-2.87,284,360,436,469,363
0.20,0.88,0.44,0.98,-4.27,-2.81,284,358,432,460,363
0.18,0.88,0.44,1.46,-2.62,-5.19,284,361,441,476,365
0.18,0.87,0.46,-1.77,-2.56,-2.56,283,362,434,463,362
0.17,0.87,0.44,4.27,-1.65,-3.17,283,360,436,467,364
0.19,0.90,0.44,4.21,-0.92,-2.69,283,359,438,467,361
0.19,0.87,0.44,-2.87,-2.32,-4.39,281,360,434,464,366
0.17,0.88,0.43,1.71,-3.30,-1.28,283,360,434,460,366
0.19,0.88,0.44,-1.46,-3.11,-1.16,284,359,434,465,364
0.18,0.88,0.42,2.87,-3.72,-1.59,286,361,435,461,366
0.19,0.88,0.43,0.61,-3.42,-2.62,286,364,434,462,362
0.17,0.89,0.44,-3.91,-0.98,-4.70,280,361,434,467,365
0.20,0.88,0.42,1.04,-2.87,-3.23,284,362,436,463,362
0.18,0.89,0.40,6.77,3.91,-7.14,288,366,434,465,362
0.12,0.88,0.41,-2.01,-4.09,-5.19,285,365,433,464,360
0.15,0.90,0.40,0.06,-3.72,-2.62,287,373,422,464,365
0.12,0.90,0.41,0.61,-1.65,-5.00,286,376,417,464,362
0.13,0.90,0.41,0.79,-2.99,-2.81,288,382,408,469,362
0.13,0.91,0.41,0.55,-3.72,-2.99,287,388,407,467,367
0.12,0.91,0.40,1.89,-2.93,-2.32,290,389,405,459,366
0.11,0.91,0.41,1.77,-1.40,-2.50,289,392,406,465,366
0.12,0.90,0.41,-0.12,-1.46,-3.36,288,388,402,466,365
0.11,0.90,0.40,-0.06,-3.30,-2.20,288,391,405,463,366
0.14,0.89,0.40,-7.81,-1.53,-3.36,288,391,425,461,366
0.10,0.89,0.45,-0.73,-2.26,-1.77,293,394,425,465,366
0.11,0.86,0.43,4.39,-5.49,1.46,289,392,425,462,363
0.24,0.92,0.31,21.18,-4.46,11.41,304,390,425,462,364
0.08,0.87,0.51,-6.53,16.30,-23.38,287,391,423,461,360
0.09,0.96,0.47,20.69,-43.40,40.65,289,387,427,461,362
0.13,0.83,0.41,-1.59,5.25,-15.81,288,387,429,461,358
0.19,0.89,0.38,1.22,-1.77,-1.53,288,388,427,460,359
0.15,0.93,0.43,-3.97,1.89,-5.25,290,389,426,460,364
0.16,0.90,0.40,-0.12,-3.78,-1.40,290,387,428,462,361
0.15,0.89,0.40,1.53,-2.08,-3.23,287,386,434,462,363
0.13,0.89,0.40,-1.89,-3.60,-4.64,288,386,425,465,362
0.14,0.91,0.38,2.38,-2.26,-3.05,289,385,426,461,362
0.15,0.93,0.39,0.55,-2.93,-2.99,286,390,424,456,366
0.12,0.91,0.40,0.00,-1.59,-3.17,286,389,428,457,361
0.12,0.91,0.39,0.73,-3.36,-1.46,290,389,430,458,362
0.12,0.93,0.39,-0.61,-3.05,-3.54,289,384,424,461,363
0.14,0.89,0.38,2.75,-4.52,-1.46,292,386,429,461,364
0.11,0.93,0.41,-3.23,2.87,-5.86,291,387,428,458,362
0.10,0.90,0.44,10.62,-3.66,-8.24,289,384,427,466,363
0.13,0.91,0.37,-5.00,-0.43,-5.31,290,385,427,458,365
0.08,0.88,0.43,-3.91,-0.98,-7.26,296,385,428,464,365
0.11,0.89,0.42,2.26,-5.37,-1.89,288,384,427,462,364
0.09,0.90,0.43,4.88,-4.88,-3.91,290,384,423,463,363
0.07,0.90,0.41,2.01,-3.36,-1.34,289,388,427,464,364
0.07,0.90,0.41,-1.77,-1.10,-3.97,288,384,427,462,365
0.08,0.90,0.42,1.46,-4.15,-2.26,292,386,427,462,366
0.07,0.90,0.42,2.62,-1.22,-3.72,292,382,428,462,366
0.06,0.89,0.41,-2.75,-1.95,-4.09,290,387,429,462,365
0.07,0.90,0.42,3.54,-2.93,-1.89,291,385,427,463,364
0.06,0.89,0.41,0.06,-3.66,-4.03,290,385,436,462,365
0.06,0.92,0.41,-5.00,-5.43,-1.65,291,386,429,460,363
0.05,0.91,0.41,1.53,-1.28,-2.62,289,386,425,463,365
0.06,0.92,0.41,1.10,-3.36,-3.54,291,388,431,468,363
0.06,0.91,0.42,-0.49,-2.26,-3.17,290,384,428,464,364
0.05,0.92,0.41,2.01,-3.78,-1.04,291,387,429,463,367
0.06,0.91,0.41,3.17,-1.83,-2.99,292,386,428,466,365
0.04,0.89,0.40,-1.71,-3.91,-1.71,294,388,427,462,365
0.06,0.92,0.41,-0.98,-3.48,-2.08,290,384,426,461,371
0.06,0.94,0.42,-0.61,-3.78,-3.17,293,390,426,461,366
0.06,0.89,0.42,-0.85,-3.23,-2.56,291,388,427,458,364
0.04,0.92,0.42,-1.10,-1.10,-3.60,292,386,425,465,365
0.07,0.90,0.42,5.43,-4.52,-1.53,294,383,427,466,365
0.05,0.90,0.44,-10.99,-6.59,-5.00,292,389,427,461,367
0.06,0.91,0.42,2.26,-3.66,-1.53,291,386,431,457,366
0.06,0.89,0.44,-2.62,-1.65,-4.09,293,386,429,463,369
0.06,0.89,0.43,-2.87,-5.80,-1.16,293,385,426,467,367
0.07,0.94,0.44,-2.32,-5.31,-2.26,291,388,426,466,365
0.06,0.90,0.43,-3.66,-3.48,-3.23,308,387,428,464,366
0.06,0.90,0.44,-1.65,-3.17,-2.32,294,388,427,461,365
0.09,0.87,0.47,-0.73,-4.15,-0.43,294,387,423,464,368
0.10,0.88,0.46,2.93,-4.03,-1.59,294,391,427,460,362
0.09,0.87,0.47,-1.40,-3.23,-2.50,304,389,428,460,365
0.11,0.88,0.47,2.01,-2.50,-2.62,293,385,429,464,366
0.08,0.88,0.47,-2.32,-4.58,-1.34,292,387,427,456,367
0.11,0.86,0.45,6.59,-2.87,-1.10,294,388,431,461,368
0.10,0.88,0.46,1.40,-2.93,-2.26,292,387,429,463,368
0.10,0.88,0.47,-2.62,-2.81,-2.81,291,390,429,461,366
0.11,0.89,0.46,-4.39,-2.87,-3.11,293,387,434,461,366
0.13,0.85,0.45,-0.55,-4.39,-0.37,290,390,428,457,366
0.12,0.89,0.45,2.26,-4.09,-2.93,294,386,433,462,365
0.10,0.87,0.47,-0.73,1.71,-4.64,292,386,425,460,367
0.12,0.88,0.44,5.13,-4.39,-1.46,289,386,427,460,368
0.12,0.89,0.44,6.47,-4.46,0.12,294,388,429,459,369
0.12,0.89,0.44,4.46,-3.54,-1.71,292,388,437,457,366
0.10,0.90,0.45,-3.66,-3.54,-4.82,290,388,427,461,366
0.12,0.90,0.44,0.55,-2.93,-2.69,292,384,426,463,366
0.09,0.89,0.43,-5.07,-2.26,-3.60,287,377,431,470,361
0.09,0.89,0.42,2.62,-4.09,0.67,285,378,429,458,358
0.09,0.88,0.44,-0.92,-2.81,-0.92,286,381,426,461,362
0.10,0.88,0.44,3.36,-1.77,-3.11,287,383,428,463,361
0.11,0.88,0.44,5.31,-2.01,-1.89,290,382,428,460,360
0.10,0.91,0.45,-0.43,-2.56,-3.11,289,383,428,460,361
0.12,0.90,0.44,5.19,-3.66,-1.53,292,384,428,463,362
0.12,0.89,0.45,4.82,-2.62,-2.69,290,383,428,453,363
0.08,0.94,0.48,-3.66,-2.32,-2.20,289,383,433,458,362
0.20,0.89,0.47,-3.91,-9.70,7.02,286,382,431,458,362
0.10,0.94,0.49,13.61,-10.13,8.42,286,384,428,458,361
0.17,0.85,0.42,-9.40,-13.06,0.79,290,384,430,463,362
0.18,0.83,0.49,-0.18,-8.91,-2.44,286,382,429,460,361
0.17,0.86,0.48,-5.68,-2.08,-4.03,290,385,427,457,372
0.20,0.89,0.49,0.98,2.62,-4.94,291,390,429,461,362
0.19,0.85,0.51,1.95,-4.09,3.66,291,388,424,461,364
0.19,0.85,0.51,-2.14,-7.69,-4.03,289,389,426,461,363
0.23,0.84,0.47,2.75,-2.26,-4.15,291,388,426,460,364
0.21,0.85,0.48,-0.24,-4.46,-2.44,288,392,426,459,364
0.24,0.86,0.48,-1.22,-6.04,-5.43,291,395,425,457,367
0.21,0.82,0.50,-7.87,-2.75,-2.14,292,395,428,467,366
0.21,0.83,0.49,2.14,-0.49,-0.06,288,397,429,458,365
0.24,0.87,0.49,0.92,-3.85,-5.37,289,395,426,458,365
0.21,0.85,0.49,0.67,-0.43,1.40,290,396,426,457,367
0.24,0.85,0.48,3.11,-4.58,2.01,289,396,427,461,363
0.25,0.87,0.47,5.49,-0.43,-2.62,288,402,427,457,366
0.26,0.84,0.46,5.86,-3.48,-1.83,290,396,423,458,368
0.27,0.86,0.46,-4.03,0.24,-7.81,290,395,422,458,368
0.26,0.86,0.47,1.40,-4.94,-1.16,288,399,425,451,366
0.26,0.85,0.46,1.04,-4.46,-3.11,288,397,427,458,366
0.25,0.86,0.44,3.91,-4.03,-2.75,289,386,423,456,368
0.23,0.86,0.45,2.62,-3.97,-0.49,290,388,426,459,366
0.23,0.86,0.47,-1.28,-2.99,-2.26,291,393,426,458,366
0.28,0.83,0.46,4.21,-5.68,-0.37,286,389,426,454,369
0.20,0.90,0.42,-11.60,2.99,-6.71,289,384,425,451,360
0.09,0.95,0.47,7.51,12.94,-24.96,285,386,428,457,360
0.19,0.87,0.46,-16.17,-9.89,-21.36,287,384,421,453,363
0.10,0.93,0.53,12.57,-0.55,-2.08,289,387,425,451,363
0.15,0.86,0.47,0.12,-4.64,0.37,290,391,425,451,361
0.12,0.85,0.49,4.46,-1.53,-0.43,290,385,426,464,362
0.10,0.86,0.51,-3.30,-2.01,-3.11,290,383,428,456,363
0.10,0.87,0.51,1.95,-1.28,-0.37,288,388,426,455,366
0.13,0.81,0.50,-4.88,-2.75,-4.09,288,389,427,457,367
0.13,0.85,0.52,1.34,-3.66,-3.23,317,389,429,456,362
0.11,0.85,0.53,1.46,-3.42,-2.32,291,388,428,462,364
0.13,0.84,0.52,-0.12,-5.25,-0.61,289,395,426,458,363
0.13,0.85,0.53,0.24,-3.48,-4.39,292,387,427,458,368
0.01,0.73,0.51,5.00,14.22,9.52,287,386,426,459,366
0.13,0.82,0.56,0.98,3.60,0.85,291,388,425,455,366
0.05,0.91,0.48,-6.90,31.37,9.58,289,385,427,460,363
0.11,0.79,0.63,-0.79,-6.10,-2.26,287,391,429,459,363
0.08,0.83,0.54,-0.06,-8.79,0.43,289,388,427,462,366
0.07,0.82,0.59,3.97,-3.97,-4.64,287,392,422,459,366
0.11,0.84,0.57,0.31,-2.08,-1.16,290,393,428,460,367
0.11,0.82,0.54,-3.97,-4.39,-0.24,287,393,424,462,368
0.11,0.81,0.58,-1.22,-5.31,-2.20,287,398,426,454,367
0.10,0.81,0.57,2.08,-2.08,-1.04,287,396,427,458,366
0.13,0.83,0.56,-0.24,-2.32,-2.56,289,396,429,457,364
0.12,0.80,0.56,0.06,-3.11,-3.78,291,398,427,463,370
0.11,0.83,0.57,1.71,-3.36,-1.77,289,400,428,455,372
0.10,0.83,0.57,-3.48,-0.37,-2.50,287,398,426,460,371
0.10,0.82,0.57,1.77,-1.28,-2.38,318,396,424,459,373
0.11,0.82,0.56,-0.18,-3.42,-3.11,292,401,428,460,371
0.10,0.86,0.57,-1.16,-3.85,-5.25,288,400,428,460,373
0.09,0.83,0.55,0.85,-0.92,-2.99,291,406,424,463,373
0.09,0.83,0.55,-0.92,-3.17,-3.78,290,403,426,463,372
0.09,0.82,0.55,2.01,-2.26,-0.79,292,403,426,459,375
0.10,0.83,0.54,0.31,-3.60,-3.17,291,404,427,463,375
0.12,0.84,0.54,4.52,-4.76,-2.26,293,402,429,459,376
0.11,0.85,0.55,1.16,-3.97,-3.11,292,411,426,459,378
0.09,0.83,0.54,-3.85,-4.27,-2.08,290,403,425,463,375
0.09,0.83,0.55,4.03,-4.09,-10.01,287,384,429,458,365
0.09,0.84,0.51,2.20,-3.54,-1.53,286,381,427,454,363
0.10,0.84,0.53,-6.53,-2.93,-1.77,287,390,430,462,365
0.11,0.85,0.54,-0.24,-2.44,-1.46,288,386,426,459,368
0.08,0.82,0.53,4.70,-3.85,-1.83,290,388,429,458,370
0.15,0.90,0.61,2.75,-10.44,-7.26,289,391,424,454,368
0.10,0.83,0.51,3.91,9.89,-8.00,289,389,427,454,363
0.12,0.80,0.48,2.62,3.54,5.37,290,388,424,453,365
0.17,0.79,0.55,2.14,0.24,-6.04,291,389,423,455,369
0.12,0.88,0.48,6.10,4.33,-9.46,291,390,422,456,370
0.13,0.81,0.50,-0.55,-21.97,-2.44,291,394,425,456,370
0.13,0.78,0.56,-2.32,-8.85,5.13,293,394,424,457,371
0.18,0.77,0.57,2.62,-1.16,-5.92,290,392,422,459,374
0.14,0.85,0.57,-2.38,2.01,0.12,291,393,425,458,370
0.15,0.79,0.60,-5.68,-5.92,-5.07,291,396,422,463,376
0.14,0.81,0.60,-6.96,2.69,-8.42,292,398,429,455,373
0.12,0.76,0.56,5.92,-1.46,-10.31,291,397,422,455,373
0.03,0.93,0.57,9.34,-8.48,-10.07,289,397,425,457,372
0.12,0.82,0.54,2.26,-7.93,10.01,289,400,425,463,373
0.12,0.83,0.55,-1.16,-5.13,-1.34,305,396,428,460,373
0.14,0.80,0.52,3.11,-3.97,-0.79,291,398,429,461,372
0.17,0.80,0.55,0.31,-4.64,-10.56,293,398,427,464,372
0.17,0.86,0.56,2.99,2.99,-4.33,294,400,425,459,372
0.13,0.81,0.53,1.04,-3.30,-1.28,293,399,424,458,371
0.12,0.81,0.57,-1.83,-1.16,-4.15,293,400,425,458,375
0.14,0.81,0.58,-0.31,-8.42,-4.27,291,400,425,459,375
0.15,0.80,0.59,9.77,-0.67,-4.70,292,401,426,461,371
0.11,0.69,0.52,-7.08,-10.50,-10.62,291,401,424,452,370
0.09,0.82,0.54,13.49,-6.29,3.36,292,404,421,455,374
0.08,0.82,0.59,1.28,2.87,-4.15,295,400,425,457,374
0.12,0.82,0.55,7.75,-4.21,-12.82,293,394,424,464,368
0.07,0.81,0.55,1.53,-1.53,8.91,291,396,424,460,367
0.13,0.86,0.51,-2.38,-12.39,1.40,294,392,425,476,369
0.09,0.84,0.53,3.42,-2.32,-5.19,294,395,426,456,368
0.02,0.84,0.53,5.07,-0.98,-3.78,295,393,421,460,369
0.05,0.93,0.64,1.04,-14.53,6.59,291,394,427,458,366
0.26,0.75,0.37,-14.95,-58.59,30.40,292,393,427,458,366
0.08,0.74,0.45,2.50,2.75,0.61,299,389,426,459,368
0.09,0.92,0.54,-9.28,-17.88,0.37,294,392,427,460,371
0.05,0.88,0.57,6.16,2.56,-1.83,292,390,428,461,369
0.04,0.85,0.56,-3.85,-3.11,-7.63,292,394,430,468,369
0.07,0.84,0.54,3.17,-3.91,-6.10,293,393,428,459,369
0.04,0.86,0.55,0.06,-4.03,-4.09,296,389,427,462,369
0.06,0.84,0.52,3.30,-3.60,-4.03,294,393,427,460,368
0.02,0.84,0.56,5.49,-4.52,1.95,293,389,428,458,368
0.00,0.84,0.55,-2.69,-9.28,5.43,290,383,428,464,363
-0.03,0.74,0.47,14.53,13.85,-8.18,273,376,426,447,357
0.17,0.82,0.52,5.43,-12.08,-8.61,278,377,427,452,358
0.10,0.86,0.53,0.00,5.00,-8.24,280,377,430,450,359
-0.27,0.89,0.57,-60.85,45.41,9.83,271,381,427,454,361
0.02,0.68,0.66,0.92,-5.74,32.84,284,381,430,459,359
-0.14,0.64,1.02,-18.25,-37.60,24.72,286,386,428,466,361
0.16,0.45,0.77,-42.97,-3.66,-47.12,288,388,429,459,357
0.17,0.37,0.90,-23.01,-54.26,-30.64,287,383,427,452,360
0.02,0.38,0.84,-29.54,11.17,8.97,287,390,426,442,356
0.16,0.42,0.95,10.62,-0.06,7.08,289,393,426,448,359
0.12,0.47,0.92,0.98,1.22,4.21,290,395,430,450,363
0.10,0.46,0.90,3.54,-7.14,-2.81,292,388,426,451,361
-0.02,0.53,0.83,19.47,23.01,-31.56,291,394,427,460,363
0.07,0.51,0.86,-2.20,3.60,-4.33,289,390,432,452,364
0.09,0.52,0.87,1.53,-4.94,1.34,292,388,423,452,362
0.11,0.55,0.87,2.14,-4.76,-3.36,287,392,430,451,362
0.10,0.54,0.86,-1.28,-3.60,-3.05,291,394,429,458,362
0.10,0.52,0.86,5.62,-1.71,-2.08,294,394,435,453,363
0.10,0.54,0.85,0.12,-2.99,-1.04,290,395,425,450,363
0.10,0.55,0.85,0.98,-5.25,-0.06,285,391,431,444,360
0.12,0.56,0.86,4.76,-3.54,-0.85,291,387,425,445,362
0.08,0.54,0.89,1.28,2.38,-13.85,289,391,424,445,362
0.38,0.67,0.78,-17.82,29.54,-38.39,273,375,427,453,369
0.22,0.69,0.52,60.30,8.85,-9.46,259,351,429,452,350
-0.03,0.73,0.76,-16.36,7.08,-17.52,264,355,426,450,349
0.08,0.69,0.71,-7.69,-10.13,-4.64,263,357,424,446,354
0.08,0.71,0.72,-0.18,-10.68,5.00,267,358,426,454,353
0.03,0.73,0.69,17.70,-1.40,5.86,298,360,431,452,354
0.03,0.77,0.68,8.36,-1.46,6.96,270,363,432,456,361
0.08,0.80,0.61,-0.61,-2.56,2.56,266,358,427,451,360
0.08,0.84,0.60,10.38,-2.26,-5.31,269,357,430,458,361
0.10,0.76,0.60,12.15,-3.54,-4.88,268,360,429,459,364
0.11,0.81,0.62,0.92,0.79,-5.25,270,360,437,462,361
0.04,0.74,0.65,8.42,-0.92,6.71,266,365,428,460,364
0.09,0.76,0.64,-2.62,-5.74,8.30,281,361,429,462,365
0.07,0.84,0.64,17.21,-1.46,13.06,268,360,431,456,364
0.11,0.76,0.66,14.65,-3.85,-5.86,270,363,430,464,368
0.16,0.79,0.65,-0.98,-6.29,-1.77,268,364,430,467,370
0.19,0.80,0.61,-9.34,-4.58,-7.93,273,369,430,460,369
0.16,0.81,0.61,-5.43,-0.43,-2.50,273,362,432,463,367
0.14,0.79,0.59,23.50,2.50,-1.59,273,366,430,465,365
0.15,0.77,0.61,-2.38,-1.59,0.43,277,368,433,461,366
0.15,0.78,0.62,-1.53,-3.17,-4.64,277,364,431,462,370
0.15,0.78,0.60,-0.12,-4.15,-2.75,277,362,431,462,370
0.15,0.79,0.61,-0.18,-7.57,-4.46,276,363,430,464,369
0.19,0.78,0.61,-1.71,-11.72,-8.54,276,369,431,463,370
0.17,0.81,0.59,-10.56,-11.17,-9.28,279,370,428,457,367
0.15,0.80,0.60,-2.01,-2.50,-5.19,285,369,431,466,371
0.12,0.78,0.59,2.99,-0.73,-2.01,276,368,429,464,370
0.14,0.78,0.62,-6.84,-1.16,-6.29,277,366,430,459,372
0.11,0.78,0.62,-1.34,-2.93,-1.89,275,374,432,461,369
0.11,0.79,0.62,5.80,-4.27,-3.60,275,367,430,461,372
0.13,0.77,0.61,3.48,-0.55,-3.11,279,371,430,462,372
0.12,0.79,0.63,0.06,-3.11,-3.23,279,368,431,462,376
0.12,0.77,0.62,-1.53,-3.17,-4.15,282,371,427,463,370
0.11,0.77,0.63,0.98,-1.53,-1.65,276,368,435,468,371
0.12,0.79,0.63,-6.65,-3.91,-3.91,280,368,430,467,373
0.12,0.77,0.63,-8.97,-2.32,-4.27,280,366,430,461,370
0.07,0.83,0.59,-3.42,-2.38,-4.94,277,370,428,463,371
0.11,0.80,0.59,-0.24,-2.81,-2.93,278,384,430,464,368
0.12,0.81,0.58,-4.70,-3.72,-2.08,275,370,433,461,372
0.11,0.82,0.59,0.55,-5.37,-0.73,280,373,429,461,371
0.12,0.81,0.59,-1.89,-1.71,-3.05,279,374,428,457,371
0.10,0.81,0.62,-2.81,-2.99,-3.17,281,373,429,461,371
0.12,0.80,0.60,-3.11,-4.27,-2.62,279,371,429,462,369
0.11,0.79,0.61,0.92,-3.36,-2.08,281,379,430,461,373
0.10,0.80,0.62,-9.09,-3.05,-3.60,281,375,428,461,372
0.12,0.79,0.61,-0.06,-3.30,-2.50,282,376,431,465,369
0.09,0.80,0.62,-3.48,0.00,-2.93,284,393,431,460,368
0.10,0.79,0.62,-2.56,-2.08,-2.44,283,385,430,463,373
0.11,0.78,0.63,-1.83,-2.32,-2.38,286,385,433,461,373
0.14,0.79,0.59,1.59,-2.50,-2.81,285,389,431,465,371
0.13,0.80,0.58,-4.21,-4.39,-3.11,284,391,427,459,372
0.11,0.79,0.63,-9.70,0.43,-7.39,283,384,431,462,370
0.11,0.77,0.60,1.53,-3.23,-0.85,284,386,431,462,374
0.11,0.78,0.64,-4.33,-1.71,-3.36,282,388,429,457,372
0.08,0.76,0.62,1.04,-2.50,-3.05,284,384,432,465,373
0.12,0.78,0.62,7.51,-2.50,0.06,282,387,432,461,372
0.12,0.78,0.61,1.46,-4.03,-2.01,284,386,426,464,371
0.13,0.80,0.61,7.20,-1.16,-2.01,284,397,430,463,369
0.09,0.86,0.66,0.67,0.43,-2.50,286,389,430,460,372
0.10,0.76,0.66,10.50,-1.59,-3.42,287,395,427,460,373
0.07,0.79,0.63,2.26,0.61,-0.31,291,405,431,461,372
0.12,0.76,0.64,-2.38,-5.80,-3.66,312,405,429,459,369
0.13,0.77,0.64,-3.91,-2.87,-1.77,288,407,432,464,375
0.11,0.75,0.64,2.26,-1.46,-0.61,289,407,427,454,372
0.11,0.75,0.64,2.69,-1.28,-3.36,289,403,430,461,374
0.14,0.78,0.63,7.63,-4.58,-2.32,287,404,430,459,375
0.14,0.78,0.62,-7.14,-6.35,9.58,287,405,431,459,376
0.14,0.72,0.58,-13.73,-3.72,0.37,287,405,427,459,374
0.13,0.72,0.63,11.05,9.46,3.85,286,401,430,462,370
0.17,0.76,0.61,4.33,-9.83,-5.25,287,404,431,460,371
0.18,0.81,0.59,-4.39,-3.60,-6.59,287,405,429,459,373
0.11,0.76,0.63,-10.74,-2.38,-6.10,290,397,428,459,371
0.13,0.78,0.61,6.65,-1.46,-2.26,288,398,429,470,365
0.13,0.78,0.59,1.46,-3.85,-1.65,283,398,432,459,368
0.09,0.81,0.56,12.70,0.31,-9.52,278,375,429,460,371
0.13,0.82,0.58,-6.29,-3.48,-2.93,277,377,429,452,367
0.10,0.80,0.57,2.38,-0.98,-5.25,276,376,427,455,370
0.09,0.78,0.61,-3.91,-4.03,-6.41,278,378,429,459,369
0.10,0.79,0.61,-1.65,-0.98,-2.87,277,377,430,463,371
0.09,0.78,0.64,-5.98,-2.81,-3.23,281,378,429,458,367
0.09,0.79,0.60,7.26,-3.72,0.98,277,376,431,461,370
0.11,0.81,0.60,5.98,0.12,-2.08,282,376,429,461,374
0.14,0.75,0.59,0.18,-5.37,-0.24,280,375,431,458,370
0.07,0.78,0.55,-8.67,-5.13,1.89,270,376,431,461,375
0.04,0.86,0.59,4.76,-1.40,-23.44,280,378,430,466,375
0.05,0.82,0.66,-6.90,-2.75,6.59,279,375,429,458,369
0.08,0.82,0.62,-0.61,-3.91,-7.81,282,385,431,463,372
0.13,0.82,0.59,-0.37,-7.81,-0.12,283,376,430,462,372
0.11,0.83,0.61,3.54,-5.68,-5.98,292,381,431,460,372
0.12,0.80,0.59,1.89,-5.13,-3.05,279,379,429,461,370
0.14,0.79,0.56,4.09,-3.60,-3.30,280,378,430,461,372
0.13,0.82,0.58,1.10,-5.13,-1.65,282,384,430,461,370
0.13,0.84,0.58,-4.64,-4.15,-2.87,284,380,432,458,374
0.14,0.81,0.56,2.81,-4.88,-3.17,280,382,433,461,371
0.14,0.81,0.56,0.18,-4.64,-3.05,283,382,431,457,373
0.14,0.81,0.55,2.69,-4.94,-3.91,280,381,430,462,371
0.14,0.83,0.57,-1.10,-4.27,-3.05,281,380,430,456,372
0.08,0.79,0.56,-0.92,-2.44,-2.56,282,379,432,462,373
0.12,0.83,0.56,6.77,-3.05,-1.71,281,378,432,462,376
0.13,0.83,0.58,-2.44,-2.87,-2.62,284,381,433,466,372
0.12,0.83,0.57,3.11,-0.73,-4.27,284,381,431,465,374
0.13,0.84,0.57,-1.16,-3.30,-1.83,283,380,434,463,371
0.13,0.82,0.58,-0.92,-3.66,-2.69,280,381,431,462,372
0.13,0.82,0.58,1.04,-3.17,-2.81,279,385,427,458,372
0.14,0.84,0.58,0.24,-2.32,-3.30,280,385,432,465,372
0.12,0.81,0.55,9.03,-0.18,-2.81,286,383,431,456,367
0.11,0.84,0.51,-36.13,52.00,19.10,271,376,429,457,362
0.15,0.72,0.58,-16.78,-16.36,-4.64,274,384,433,458,364
0.06,0.76,0.67,-13.24,0.31,0.92,276,372,428,461,368
0.10,0.74,0.68,-2.93,-6.29,0.49,279,379,434,460,369
0.08,0.73,0.67,-1.10,-2.99,-2.87,277,384,430,463,369
0.09,0.75,0.69,1.28,-0.92,-6.04,280,385,430,462,365
0.07,0.74,0.66,0.67,-2.20,-3.42,282,376,433,458,369
0.07,0.74,0.67,-1.95,-3.78,-1.22,283,384,438,459,367
0.09,0.76,0.65,2.01,-4.09,-1.59,283,382,432,456,365
0.09,0.76,0.66,-1.77,-6.23,-2.81,282,386,430,460,369
0.09,0.76,0.65,2.01,-5.31,-1.40,287,379,431,459,366
0.13,0.80,0.61,4.82,-8.30,3.05,277,385,430,463,368
0.12,0.77,0.63,0.06,-5.25,-0.73,281,386,431,454,371
0.14,0.75,0.62,2.01,-6.65,-1.22,282,387,427,459,375
0.18,0.76,0.64,6.71,-6.23,-9.52,277,397,431,455,360
0.05,0.69,0.58,13.18,-13.61,15.38,278,385,427,454,362
0.14,0.68,0.54,-5.98,-12.94,1.22,279,386,431,457,365
0.04,0.79,0.61,0.98,9.40,0.37,281,387,432,460,366
0.14,0.80,0.60,0.18,-4.52,-4.94,282,382,430,460,365
0.11,0.81,0.60,1.71,-2.75,1.59,278,383,434,457,366
0.12,0.81,0.61,-2.38,-3.11,-1.28,277,385,429,456,369
0.09,0.77,0.59,1.10,-3.23,-5.49,278,385,429,455,367
0.11,0.80,0.60,1.71,-1.28,-3.36,278,392,430,459,368
0.09,0.81,0.61,-0.06,-2.56,-4.52,280,377,427,459,365
0.10,0.80,0.57,7.45,-1.77,0.12,278,385,430,458,368
0.14,0.83,0.56,2.87,-6.53,0.12,278,381,430,458,367
0.12,0.80,0.57,-2.38,-0.85,-4.09,275,384,428,461,363
0.11,0.80,0.55,-3.54,-4.27,-1.28,276,382,429,456,366
0.11,0.80,0.56,-17.40,-2.50,-6.23,269,386,428,454,364
0.13,0.80,0.57,-1.16,-3.23,-1.53,268,382,430,455,368
0.10,0.84,0.54,1.77,-3.91,-5.49,274,379,433,456,369
0.11,0.83,0.55,-1.77,-4.76,-1.16,277,384,430,458,370
0.10,0.81,0.55,1.59,-3.91,-1.04,275,383,431,451,370
0.11,0.81,0.56,-3.30,-3.85,-0.79,275,386,429,458,368
0.12,0.83,0.56,0.61,-2.93,-1.59,275,383,429,453,369
0.14,0.82,0.54,4.46,-6.10,-1.59,273,388,427,454,371
0.11,0.83,0.55,2.08,-3.60,-1.34,278,382,427,451,371
0.12,0.84,0.56,1.04,-1.77,-2.87,279,385,428,458,370
0.10,0.84,0.54,5.86,-4.39,-4.82,276,384,430,456,372
0.11,0.84,0.56,-1.22,-1.40,-0.55,278,382,427,454,371
0.11,0.84,0.57,6.71,-3.54,-1.28,279,380,429,459,371
0.11,0.81,0.58,2.44,-3.48,-4.21,275,380,423,450,367
0.12,0.81,0.58,2.26,-2.93,-0.98,280,382,426,451,367
0.10,0.82,0.59,-0.98,-3.42,-3.48,280,381,429,461,368
0.11,0.78,0.57,1.28,-4.46,-1.59,279,382,427,458,370
0.09,0.81,0.58,-5.86,-4.09,-1.53,280,381,428,461,372
0.07,0.80,0.56,-2.32,-2.14,-1.22,281,384,430,462,370
0.12,0.81,0.59,-5.31,-2.93,-3.72,280,380,428,458,372
0.08,0.81,0.56,1.83,-5.00,-1.40,281,388,431,454,370
0.08,0.81,0.58,-1.28,-2.62,-1.71,282,385,429,457,369
0.08,0.80,0.57,-5.25,-2.56,-6.35,280,383,428,459,369
0.09,0.81,0.59,2.69,-3.97,-0.79,279,377,429,460,375
0.08,0.79,0.58,-2.14,-3.23,-2.56,280,386,430,459,374
0.10,0.82,0.59,-1.59,-4.58,-3.91,282,380,430,461,372
0.07,0.81,0.58,-2.08,-3.30,-1.40,281,381,432,458,374
0.08,0.81,0.58,1.16,-2.50,-2.87,281,380,429,463,374
0.07,0.82,0.58,-0.18,-3.72,-2.99,282,381,432,459,374
0.06,0.81,0.57,1.77,-3.30,-2.01,273,381,431,457,370
0.07,0.82,0.58,0.55,-2.44,-3.05,284,389,427,464,371
0.09,0.82,0.56,1.46,-5.07,-1.77,285,389,430,465,373
0.07,0.81,0.56,0.55,-1.65,-3.11,287,384,429,462,375
0.07,0.81,0.58,-2.62,-1.59,-3.85,287,390,430,458,375
0.16,0.78,0.51,1.10,-2.56,-14.40,288,379,425,456,360
0.11,0.87,0.54,6.35,8.61,7.51,273,382,428,454,356
0.12,0.81,0.60,3.23,-6.77,4.03,281,384,432,456,365
0.09,0.82,0.64,-4.64,2.62,-7.81,281,382,429,454,364
0.11,0.80,0.62,-1.40,-3.91,-4.76,286,387,424,458,367
0.08,0.77,0.62,-0.55,-4.15,-2.99,286,390,428,460,370
0.09,0.78,0.62,-0.18,-4.15,-2.93,287,384,430,461,366
0.09,0.77,0.62,0.37,-4.39,-1.65,289,390,428,451,369
0.10,0.80,0.61,0.73,-3.05,-2.08,288,391,426,453,370
0.09,0.79,0.63,1.46,-3.97,-3.91,289,391,428,460,370
0.09,0.77,0.61,1.40,-5.31,-1.22,287,391,427,458,367
0.11,0.78,0.61,0.85,-2.87,0.06,289,394,423,460,368
0.10,0.79,0.62,0.49,-1.28,-1.95,289,396,427,457,371
0.09,0.80,0.62,0.55,-2.99,-2.56,292,395,426,457,367
