0.05,-0.84,-0.02,-28.14,-29.48,-10.44,422,324,223,273,390
-0.16,-0.94,-0.05,-7.6,-4.70,7.75,391,297,229,263,300
-0.13,-1.03,-0.01,-23.93,-10.38,9.34,416,334,228,286,300
-0.13,-0.98,-0.15,15.01,-6.04,-7.75,418,336,233,294,305
-0.16,-0.99,-0.05,-5.68,-2.99,0.43,424,341,233,295,306
-0.19,-0.98,-0.09,1.34,-6.65,0.24,422,339,234,296,304
-0.17,-0.98,-0.11,3.66,10.01,5.25,424,345,233,296,306
-0.23,-0.99,-0.07,17.33,18.98,6.71,427,347,230,296,306
-0.24,-0.95,-0.04,1.46,-2.87,0.73,426,345,230,298,310
-0.14,-0.98,0.02,-7.69,-21.97,0.12,429,347,233,294,306
-0.17,-0.97,-0.03,-0.73,-5.31,-7.87,426,348,233,294,304
-0.19,-0.98,-0.08,0.73,-3.85,-5.07,427,347,231,293,308
-0.20,-0.97,-0.06,-2.81,-2.62,-2.99,428,349,230,296,309
-0.20,-0.98,-0.05,2.56,-5.80,-2.50,426,348,231,294,310
-0.21,-0.97,-0.05,0.00,-4.88,-1.28,429,351,233,294,310
-0.20,-0.97,-0.02,0.67,-3.54,-2.20,427,353,230,295,308
-0.21,-0.97,-0.01,0.92,-3.36,-1.46,427,349,231,295,312
-0.22,-0.98,-0.02,0.92,-1.46,-0.73,424,351,237,299,309
-0.20,-0.98,-0.06,-6.29,-3.30,-2.81,438,350,237,296,310
-0.19,-0.98,-0.04,1.04,-3.72,-3.97,425,349,233,309,312
-0.20,-0.98,-0.07,-1.22,-6.90,-2.87,425,350,234,293,311
-0.21,-0.97,-0.05,2.38,-2.38,-3.11,423,350,235,290,310
-0.21,-0.97,-0.05,0.18,-2.99,-2.14,424,350,236,300,311
-0.21,-0.97,-0.06,-2.93,-2.14,-3.72,436,352,230,294,309
-0.21,-0.97,-0.06,0.85,-2.14,-2.38,424,352,234,292,309
-0.20,-0.97,-0.04,2.75,-2.81,-1.65,423,352,239,287,311
-0.22,-0.97,-0.02,-4.52,-4.58,-3.36,424,351,236,294,312
-0.21,-0.97,-0.04,2.38,-3.91,-2.56,420,352,235,289,311
-0.20,-0.97,-0.07,-3.60,-0.43,-3.85,421,353,235,294,311
-0.22,-0.97,-0.06,3.05,-3.66,-1.95,421,348,229,298,312
-0.21,-0.97,-0.07,-0.06,-2.08,-2.50,421,353,240,299,309
-0.22,-0.96,-0.07,1.22,-2.08,-1.83,420,353,237,296,310
-0.21,-0.97,-0.08,0.92,-2.81,-2.62,420,352,240,293,313
-0.20,-0.97,-0.08,-1.22,-3.72,-1.89,420,347,235,295,315
-0.22,-0.97,-0.09,0.73,-3.05,-2.44,424,352,234,298,315
-0.22,-0.97,-0.07,1.34,-2.81,-2.32,425,351,241,290,310
-0.22,-0.97,-0.06,0.24,-4.15,-2.38,421,348,238,297,313
-0.22,-0.96,-0.07,-0.18,-2.32,-2.50,425,353,227,290,313
-0.21,-0.97,-0.11,2.69,-1.22,-5.07,424,357,240,298,313
-0.21,-0.97,-0.06,2.32,-2.08,-2.99,422,355,237,295,311
-0.21,-1.00,-0.04,0.55,-2.62,-2.32,436,354,253,294,314
-0.21,-0.97,-0.04,0.06,-4.03,-2.14,428,353,238,289,312
-0.21,-0.97,-0.04,1.22,-3.42,-2.44,429,351,238,298,307
-0.21,-0.97,-0.03,1.59,-3.05,-2.99,426,357,236,294,312
-0.21,-0.97,-0.03,0.98,-3.17,-2.81,426,352,240,300,311
-0.21,-0.97,-0.02,0.24,-3.72,-3.05,426,350,238,293,314
-0.21,-0.97,-0.02,1.28,-4.82,-2.38,427,349,239,299,313
-0.21,-0.98,-0.02,1.28,-3.42,-2.32,426,351,235,295,310
-0.22,-0.98,-0.00,0.24,-2.50,-2.32,424,352,239,296,311
-0.22,-0.97,0.00,1.34,-2.75,-3.36,433,355,238,295,314
-0.21,-0.97,-0.01,0.24,-3.42,-2.32,424,355,239,295,312
-0.23,-0.97,0.02,0.92,-0.55,-4.64,422,355,240,296,315
-0.20,-0.97,-0.02,1.28,-2.62,-2.69,423,351,238,300,310
-0.20,-0.97,-0.02,-1.34,-3.60,-2.01,421,352,241,297,313
-0.20,-0.98,-0.03,0.06,-4.15,-2.14,425,351,238,296,312
-0.21,-0.98,-0.02,0.73,-3.42,-2.75,424,354,237,295,313
-0.19,-0.98,-0.02,-0.06,-2.01,-3.11,421,354,240,299,310
-0.21,-0.98,-0.01,-5.80,-7.32,-0.98,425,351,240,296,312
-0.26,-0.97,-0.04,1.34,-5.49,-3.17,422,351,241,297,312
-0.21,-0.97,-0.02,-7.69,1.95,-1.77,425,353,233,292,312
-0.22,-0.96,-0.01,6.59,-5.00,-3.66,418,349,237,290,312
-0.22,-0.97,-0.08,-5.55,-15.87,-6.59,420,353,240,300,316
-0.19,-0.97,0.04,3.17,-2.08,-4.64,420,349,240,295,313
-0.21,-0.97,0.01,-1.22,4.21,-4.64,419,350,245,297,311
-0.18,-0.97,0.00,-2.38,4.33,-6.71,422,354,237,302,313
-0.19,-0.97,-0.01,4.27,-9.58,-1.89,418,349,234,299,314
-0.17,-0.98,-0.02,0.98,-4.03,-1.89,415,352,244,301,317
-0.18,-0.98,0.00,-0.67,-2.01,-1.59,413,351,236,295,310
-0.20,-0.98,-0.00,-0.18,-4.15,-0.61,415,352,240,302,316
-0.22,-0.97,-0.05,-4.03,-8.54,0.18,413,348,240,302,315
-0.16,-0.98,-0.04,-5.62,-2.62,-1.40,416,349,239,301,317
-0.18,-0.98,-0.01,6.84,1.77,-3.23,415,351,240,299,312
-0.13,-0.99,-0.01,4.09,-2.01,-1.95,415,354,238,298,315
-0.15,-0.98,0.02,8.61,-3.36,-4.03,413,352,238,298,315
-0.20,-0.97,0.02,1.53,-5.31,-1.77,412,354,237,297,313
-0.16,-0.98,0.01,-12.27,-1.28,-7.51,410,351,235,298,310
-0.13,-0.98,0.02,-1.77,0.67,-1.71,412,352,251,304,313
-0.18,-0.99,-0.04,1.10,-2.75,-4.46,408,353,243,299,318
-0.16,-0.98,-0.02,-1.83,-1.89,-3.60,411,351,235,293,306
-0.17,-0.98,-0.02,-0.43,-3.42,-2.75,412,355,244,292,316
-0.16,-0.98,-0.02,4.39,-0.79,-4.21,410,352,242,296,314
-0.14,-0.98,0.00,0.18,-1.34,-4.09,410,352,238,299,322
-0.13,-0.98,-0.00,-2.75,-3.97,0.18,413,354,240,302,313
-0.14,-0.98,-0.08,-4.76,-5.31,-1.53,411,358,240,301,319
-0.17,-1.00,-0.11,-1.83,-6.84,0.49,405,347,241,301,312
-0.16,-0.96,-0.12,-1.59,-3.23,-0.49,415,347,241,293,306
-0.18,-0.97,-0.14,1.77,-1.53,-5.13,417,342,241,299,310
-0.17,-0.97,-0.13,2.75,-3.66,-2.50,418,356,241,302,310
-0.17,-0.98,-0.13,1.22,-3.17,-2.50,421,349,241,301,311
-0.18,-0.97,-0.12,0.00,-3.91,-2.75,424,345,247,303,315
-0.18,-0.97,-0.12,0.61,-2.87,-2.69,449,349,243,297,313
-0.18,-0.97,-0.11,1.22,-3.66,-2.32,423,348,247,299,311
-0.17,-0.97,-0.11,0.67,-2.32,-2.75,419,351,246,302,315
-0.18,-0.97,-0.10,1.04,-2.93,-2.38,434,351,243,291,312
-0.18,-0.97,-0.10,2.20,-3.97,-2.69,422,350,243,304,313
-0.19,-0.97,-0.10,1.22,-2.62,-2.38,422,353,239,304,319
-0.18,-0.97,-0.09,0.43,-2.99,-2.50,415,343,246,303,314
-0.19,-0.98,-0.09,-0.12,-2.69,-2.44,419,350,248,293,316
-0.19,-0.97,-0.09,0.43,-2.50,-2.50,416,351,245,301,319
-0.20,-0.97,-0.08,0.06,-2.56,-2.32,417,351,242,295,317
-0.18,-0.97,-0.08,2.32,-3.85,-2.87,419,347,249,298,312
-0.20,-0.97,-0.08,0.67,-2.32,-2.44,416,353,242,296,317
-0.20,-0.97,-0.07,0.79,-3.60,0.31,413,352,241,300,314
-0.19,-0.97,-0.09,-0.06,-2.56,-2.87,424,353,244,304,316
-0.19,-0.97,-0.08,0.92,-2.75,-2.99,413,348,244,304,314
-0.20,-0.97,-0.08,1.04,-3.91,-1.77,413,353,243,297,317
-0.20,-0.97,-0.08,-0.67,-3.91,-1.65,411,348,240,296,315
-0.20,-0.96,-0.09,0.37,-2.87,-3.48,408,351,242,301,315
-0.20,-0.96,-0.08,0.43,-2.20,-1.95,416,352,250,296,321
-0.20,-0.97,-0.08,-0.37,-3.11,-3.05,411,349,242,299,318
-0.20,-0.97,-0.08,0.79,-4.15,-2.99,414,350,243,294,318
-0.20,-0.97,-0.08,1.40,-2.56,-2.87,416,354,245,297,315
-0.22,-0.97,-0.09,-0.49,-2.08,-3.60,412,349,245,285,319
-0.19,-0.97,-0.06,0.67,-3.05,-2.56,412,348,245,301,320
-0.20,-0.97,-0.07,-0.49,-1.59,-2.56,414,352,246,294,319
-0.19,-0.97,-0.10,-2.32,-4.03,-2.93,410,354,242,299,317
-0.18,-0.97,-0.11,-2.26,-1.65,-3.85,412,350,240,292,318
-0.17,-0.97,-0.12,3.36,-3.36,-2.32,415,352,239,294,320
-0.17,-0.98,-0.11,1.40,-2.62,-3.11,415,354,246,294,318
-0.15,-0.97,-0.10,1.59,-2.62,-2.56,415,354,247,294,314
-0.17,-0.98,-0.09,2.44,-3.85,-1.71,419,361,242,293,315
-0.17,-0.97,-0.10,1.59,-3.72,-2.44,422,357,245,302,318
-0.18,-0.97,-0.11,0.12,-2.20,-2.44,417,356,248,299,319
-0.17,-0.97,-0.10,-0.06,-2.62,-2.26,422,351,244,293,318
-0.17,-0.97,-0.10,0.73,-3.17,-2.69,419,354,245,306,321
-0.18,-0.97,-0.10,1.53,-3.72,-2.38,421,355,242,301,317
-0.18,-0.98,-0.10,2.56,-2.56,-2.69,424,356,237,300,317
-0.18,-0.97,-0.09,1.22,-3.30,-2.75,423,352,242,302,320
-0.18,-0.98,-0.08,0.43,-3.54,-2.62,414,355,246,296,320
-0.18,-0.97,-0.08,0.06,-2.56,-2.56,423,360,244,300,321
-0.18,-0.97,-0.09,0.67,-3.36,-2.62,418,354,246,298,316
-0.18,-0.97,-0.08,0.92,-1.83,-2.56,420,353,239,294,312
-0.18,-0.97,-0.09,1.04,-2.56,-2.50,420,356,247,299,321
-0.18,-0.97,-0.08,1.28,-2.99,-2.56,420,351,246,302,319
-0.18,-0.97,-0.08,-0.85,-2.75,-2.87,417,361,243,302,320
-0.18,-0.97,-0.09,-0.67,-2.20,-2.50,418,353,249,297,319
-0.18,-0.97,-0.10,0.00,-3.48,-2.50,418,354,247,302,322
-0.18,-0.98,-0.09,0.79,-3.60,-2.93,416,359,243,304,322
-0.18,-0.97,-0.10,-0.55,-3.54,-2.93,414,361,248,296,317
-0.17,-0.97,-0.09,-1.53,-3.17,-2.44,419,353,249,303,318
-0.17,-0.98,-0.11,1.53,-3.48,-2.26,414,354,248,298,322
-0.18,-0.96,-0.09,1.16,-3.17,-2.44,417,349,248,303,320
-0.17,-0.97,-0.09,-0.37,-2.81,-2.32,421,357,256,302,322
-0.18,-0.98,-0.08,-0.24,-2.20,-2.44,422,356,243,300,319
-0.17,-0.97,-0.08,1.59,-3.91,-2.62,421,355,246,297,317
-0.18,-0.98,-0.08,-0.06,-2.87,-2.08,421,356,248,296,322
-0.18,-0.97,-0.08,-0.67,-2.56,-2.75,421,356,246,298,319
-0.18,-0.98,-0.08,0.55,-2.87,-2.56,421,354,237,296,321
-0.18,-0.97,-0.08,2.08,-3.36,-2.93,423,356,247,301,315
-0.18,-0.96,-0.10,2.87,-4.09,-3.23,419,356,251,299,319
-0.17,-0.98,-0.09,0.85,-2.87,-2.69,418,354,248,302,318
-0.19,-0.98,-0.08,-0.98,-2.44,-1.77,419,353,246,306,322
-0.18,-0.98,-0.09,0.18,-2.20,-2.87,418,357,250,303,316
-0.18,-0.97,-0.09,0.12,-2.75,-2.26,417,357,248,296,323
-0.18,-0.97,-0.07,0.98,-2.32,-2.44,419,352,246,301,322
-0.19,-0.97,-0.08,0.06,-3.60,-2.38,418,354,247,305,318
-0.18,-0.97,-0.07,0.12,-2.62,-2.69,412,353,247,299,321
-0.19,-0.98,-0.08,0.00,-3.30,-2.44,414,357,249,303,322
-0.18,-0.97,-0.07,0.12,-3.42,-2.32,410,355,252,304,314
-0.19,-0.97,-0.07,0.73,-3.85,-2.32,414,353,248,305,321
-0.19,-0.97,-0.08,-0.37,-2.08,-2.81,417,359,250,306,320
-0.19,-0.97,-0.08,-2.14,-2.14,-2.44,415,355,243,296,320
-0.18,-0.98,-0.10,-1.16,-2.81,-3.17,415,351,243,306,316
-0.18,-0.97,-0.12,1.10,-2.87,-2.44,414,357,245,305,320
-0.18,-0.97,-0.10,2.26,-3.23,-2.38,411,354,248,307,323
-0.18,-0.98,-0.09,0.31,-2.38,-2.62,410,356,245,297,320
-0.18,-0.97,-0.09,0.98,-3.05,-2.69,405,357,244,305,318
-0.19,-0.98,-0.08,1.40,-4.27,-3.17,402,366,253,302,321
-0.18,-0.96,-0.09,0.00,-3.05,-2.75,403,353,250,295,319
-0.19,-0.97,-0.09,-0.12,-2.99,-2.38,398,352,247,295,319
-0.17,-0.99,-0.09,-0.92,-3.42,-2.81,409,354,248,305,320
-0.19,-0.97,-0.10,0.92,-2.87,-2.20,384,346,250,304,321
-0.19,-0.97,-0.09,0.12,-3.23,-2.32,383,353,247,304,322
-0.19,-0.97,-0.10,-1.16,-2.93,-2.50,395,351,246,301,323
-0.19,-0.97,-0.11,-1.10,-1.83,-2.75,394,355,247,304,319
-0.19,-0.97,-0.11,-0.79,-2.99,-2.26,397,355,249,300,319
-0.18,-0.97,-0.11,0.79,-4.03,-2.62,392,355,247,302,316
-0.19,-0.98,-0.11,1.46,-3.36,-2.62,388,353,251,304,322
-0.19,-0.97,-0.11,-1.34,-2.50,-2.44,390,353,248,298,319
-0.19,-0.97,-0.10,0.12,-2.56,-2.81,392,355,248,302,322
-0.20,-0.98,-0.11,2.08,-3.30,-2.01,390,354,250,300,323
-0.19,-0.97,-0.11,0.67,-3.05,-2.81,390,351,244,300,321
-0.19,-0.97,-0.11,0.73,-2.26,-2.75,392,357,248,301,320
-0.19,-0.97,-0.12,-1.83,-2.44,-2.81,393,356,246,293,314
-0.19,-0.96,-0.12,1.46,-2.62,-3.42,391,355,244,307,318
-0.19,-0.97,-0.10,1.16,-2.26,-2.69,389,356,252,303,319
-0.19,-0.97,-0.10,-1.40,-2.69,-2.81,393,354,238,300,317
-0.20,-0.97,-0.10,-0.61,-2.01,-2.26,388,354,247,303,318
-0.20,-0.97,-0.11,0.37,-2.50,-2.56,382,357,249,293,322
-0.20,-0.96,-0.11,-0.31,-2.26,-2.81,388,354,243,303,322
-0.19,-0.97,-0.12,-0.18,-2.32,-2.81,385,357,247,299,321
-0.19,-0.96,-0.11,0.79,-2.69,-2.75,382,354,250,303,320
-0.19,-0.97,-0.11,0.06,-2.81,-2.44,383,355,240,302,320
-0.19,-0.97,-0.13,0.43,-3.17,-2.75,383,354,250,300,322
-0.19,-0.97,-0.11,0.55,-2.32,-2.50,381,352,246,297,321
-0.19,-0.97,-0.11,0.00,-2.87,-2.81,385,354,248,300,322
-0.19,-0.96,-0.13,-0.12,-2.75,-2.50,384,357,242,304,320
-0.19,-0.97,-0.12,1.16,-2.81,-2.62,385,352,245,300,321
-0.19,-0.97,-0.12,-0.06,-2.62,-2.93,376,359,248,309,320
-0.19,-0.97,-0.13,-0.43,-1.83,-2.99,382,355,247,298,322
-0.19,-0.97,-0.12,1.34,-2.26,-2.93,386,353,248,299,321
-0.19,-0.97,-0.11,1.71,-3.78,-2.14,383,356,248,303,319
-0.19,-0.97,-0.11,2.38,-3.91,-3.36,384,354,246,306,322
-0.20,-0.97,-0.10,0.79,-2.93,-2.81,382,355,255,297,323
-0.19,-0.97,-0.10,-0.31,-1.22,-3.17,378,355,246,299,316
-0.18,-0.97,-0.10,-0.55,-3.30,-2.01,380,359,250,304,321
-0.19,-0.96,-0.11,0.98,-3.23,-2.44,379,353,250,304,323
-0.18,-0.97,-0.10,-0.31,-2.62,-2.62,382,356,242,297,317
-0.20,-0.97,-0.10,-0.37,-2.87,-2.81,384,354,246,301,320
-0.19,-0.97,-0.10,1.28,-2.75,-2.81,381,356,249,302,320
-0.19,-0.98,-0.10,-1.10,-1.40,-2.69,385,349,245,303,320
-0.17,-0.97,-0.11,-1.89,-0.43,-4.82,403,351,252,296,321
-0.16,-0.97,-0.12,-0.18,-1.83,-3.17,404,357,255,304,321
-0.17,-0.97,-0.14,-0.85,-3.17,-2.69,426,356,248,297,320
-0.17,-0.97,-0.14,1.34,-2.81,-1.59,415,358,250,305,318
-0.16,-0.97,-0.14,-1.16,-4.58,-2.01,412,354,250,298,321
-0.16,-0.97,-0.14,-0.79,-3.78,-2.93,413,349,250,305,320
-0.16,-0.97,-0.13,-0.18,-2.26,-2.75,417,357,252,299,323
-0.17,-0.97,-0.14,1.34,-3.11,-2.87,418,353,249,300,324
-0.16,-0.98,-0.13,2.75,-3.23,-3.72,418,355,246,305,323
-0.16,-1.00,-0.13,0.31,-2.44,-3.23,417,359,249,303,321
-0.17,-0.98,-0.12,1.34,-3.97,-4.09,418,354,250,296,318
-0.16,-0.98,-0.08,-1.59,-2.44,-2.69,427,349,248,297,323
-0.16,-0.97,-0.11,2.14,-3.23,-2.93,411,350,250,298,321
-0.16,-0.98,-0.12,1.40,-2.93,-2.75,411,357,251,301,323
-0.17,-0.98,-0.12,0.00,-3.30,-2.20,416,354,249,303,319
-0.16,-0.97,-0.11,-0.55,-2.26,-2.38,413,356,239,302,322
-0.17,-0.97,-0.12,0.37,-2.56,-2.38,425,356,253,300,322
-0.17,-0.98,-0.11,0.55,-4.58,-2.99,410,354,250,298,320
-0.18,-0.96,-0.11,2.14,-3.17,-2.81,410,354,256,306,320
-0.17,-0.98,-0.10,0.43,-2.87,-2.75,412,356,252,305,318
-0.17,-0.97,-0.10,-1.40,-3.54,-2.38,412,357,250,308,321
-0.17,-0.98,-0.11,0.49,-3.17,-2.62,413,358,251,301,323
-0.17,-0.97,-0.11,0.43,-2.81,-2.50,408,355,251,306,321
-0.17,-0.97,-0.11,0.24,-3.05,-2.44,414,353,249,300,324
-0.17,-0.97,-0.10,0.31,-2.08,-2.08,411,351,250,304,321
-0.17,-0.98,-0.10,0.49,-2.62,-2.38,411,354,252,307,331
-0.17,-0.97,-0.13,0.98,-4.21,-3.23,412,354,253,306,326
-0.17,-0.97,-0.09,0.12,-3.60,-2.69,407,357,251,300,322
-0.17,-0.98,-0.10,1.16,-2.69,-2.56,410,356,251,318,320
-0.17,-0.98,-0.10,0.98,-3.05,-3.11,408,356,253,305,332
-0.17,-0.97,-0.10,0.00,-2.56,-2.32,409,357,250,302,325
-0.17,-1.00,-0.09,0.31,-3.05,-2.69,408,356,250,300,322
-0.17,-0.97,-0.09,-0.24,-2.14,-2.93,410,354,246,306,324
-0.18,-0.98,-0.11,1.16,-3.30,-2.44,410,353,250,302,325
-0.16,-0.97,-0.10,1.89,-2.87,-2.69,414,355,252,303,316
-0.17,-0.98,-0.08,1.59,-2.69,-4.33,409,355,252,304,322
-0.18,-0.96,-0.09,-0.61,-3.11,-2.08,406,358,251,307,322
-0.17,-0.96,-0.09,-1.16,-3.36,-1.95,407,357,240,301,309
-0.17,-0.98,-0.10,0.37,-2.50,-1.95,408,359,252,299,322
-0.17,-0.98,-0.09,2.69,-3.91,-2.69,412,355,250,305,321
-0.18,-0.97,-0.10,-0.12,-3.30,-2.50,409,353,249,306,321
-0.17,-0.97,-0.10,1.46,-3.85,-2.69,405,352,251,300,323
-0.17,-0.97,-0.10,0.98,-2.99,-2.20,405,354,252,298,317
-0.18,-0.97,-0.08,0.31,-3.48,-1.95,406,357,256,303,321
-0.18,-0.98,-0.09,0.85,-3.23,-2.56,406,355,258,307,322
-0.17,-0.98,-0.09,0.31,-2.62,-2.69,406,357,249,302,325
-0.18,-0.97,-0.09,-0.06,-2.56,-2.32,405,354,250,305,322
-0.17,-0.98,-0.09,0.67,-2.75,-3.23,407,354,249,302,324
-0.17,-0.98,-0.09,0.43,-3.05,-2.87,408,359,252,300,321
-0.18,-0.97,-0.08,0.98,-3.05,-1.71,408,356,251,299,317
-0.18,-0.97,-0.07,1.16,-2.50,-2.99,420,357,247,299,323
-0.17,-0.98,-0.07,1.28,-3.54,-2.93,408,357,255,305,322
-0.17,-0.98,-0.07,1.22,-3.17,-2.81,405,357,249,305,318
-0.17,-0.97,-0.08,0.06,-2.38,-2.50,403,354,254,306,322
-0.18,-0.98,-0.08,-0.37,-3.17,-2.01,406,356,251,303,315
-0.17,-0.98,-0.08,0.06,-2.56,-2.50,404,353,250,304,323
-0.17,-0.98,-0.08,0.18,-2.62,-2.56,405,357,241,306,318
-0.18,-0.98,-0.08,-0.18,-3.11,-2.56,409,355,249,305,325
-0.18,-0.98,-0.09,0.06,-3.11,-2.44,406,356,253,302,314
-0.17,-0.98,-0.09,0.61,-3.05,-2.62,406,354,247,305,322
-0.18,-0.98,-0.09,0.12,-3.60,-2.50,405,354,242,298,321
-0.17,-0.97,-0.09,0.73,-3.30,-2.62,414,356,249,303,322
-0.18,-0.97,-0.08,0.43,-3.48,-2.56,404,353,252,299,323
-0.17,-0.98,-0.08,0.61,-2.62,-3.05,407,355,261,307,326
-0.18,-0.97,-0.08,0.12,-2.87,-2.62,409,355,245,307,318
-0.17,-0.98,-0.09,-0.67,-2.75,-2.69,410,354,242,317,322
-0.17,-0.98,-0.08,0.67,-2.08,-2.62,403,356,254,308,320
-0.17,-0.98,-0.08,0.12,-3.05,-2.69,402,354,253,304,319
-0.17,-0.97,-0.08,0.31,-2.99,-2.62,406,355,252,307,320
-0.17,-0.98,-0.09,-0.43,-2.56,-2.87,405,356,244,301,325
-0.18,-0.97,-0.11,0.06,-3.23,-2.62,407,354,251,305,324
-0.17,-0.98,-0.09,0.79,-4.21,-2.69,405,350,244,299,323
-0.18,-0.97,-0.09,0.73,-2.75,-2.56,406,356,249,308,323
-0.17,-0.98,-0.08,0.73,-2.99,-2.75,404,356,247,307,322
-0.17,-0.98,-0.08,0.43,-2.50,-2.87,401,359,252,307,323
-0.17,-0.98,-0.09,-1.28,-2.14,-2.32,403,355,252,305,324
-0.17,-0.98,-0.09,-0.06,-2.81,-2.50,407,357,253,308,320
-0.18,-0.98,-0.09,0.31,-2.87,-2.75,402,356,254,300,326
-0.17,-0.98,-0.08,0.24,-2.81,-2.75,402,356,252,305,323
-0.18,-0.98,-0.09,0.67,-3.54,-2.56,403,357,245,304,320
-0.17,-0.98,-0.07,0.24,-3.30,-2.69,405,355,253,305,320
-0.17,-0.98,-0.08,0.79,-2.99,-3.36,430,354,263,307,327
-0.17,-0.98,-0.07,-0.12,-3.17,-2.26,397,346,247,307,324
-0.18,-0.98,-0.08,0.55,-2.81,-2.56,399,349,252,307,324
-0.17,-0.94,-0.12,-0.06,-3.97,-3.11,397,350,251,306,323
-0.18,-0.97,-0.07,0.24,-2.93,-2.44,428,348,250,299,325
-0.17,-0.97,-0.08,0.37,-2.81,-2.69,401,350,251,309,325
-0.18,-0.98,-0.07,-1.89,-2.32,-1.28,402,351,250,304,318
-0.18,-0.98,-0.07,-1.28,-2.50,-1.53,400,350,252,302,325
-0.16,-0.98,-0.08,1.10,-2.14,-3.42,400,349,255,309,326
-0.17,-0.98,-0.12,-11.05,-2.14,-2.62,402,347,253,304,325
-0.21,-0.97,-0.13,-8.30,-1.40,-2.20,400,350,248,301,320
-0.19,-0.96,-0.20,1.83,-4.58,-2.38,401,354,250,311,323
-0.19,-0.95,-0.23,1.59,-4.46,-3.42,405,354,249,304,323
-0.19,-0.96,-0.13,-1.77,-3.66,-2.93,407,354,252,298,323
-0.20,-0.96,-0.12,2.20,-6.29,-0.67,408,356,253,306,323
-0.18,-0.97,-0.14,-1.89,-3.60,-0.79,408,354,264,306,320
-0.19,-0.96,-0.16,0.61,-5.00,-3.48,409,354,264,307,326
-0.18,-0.96,-0.15,1.89,-2.99,-1.83,408,350,249,309,324
-0.17,-0.98,-0.14,-3.85,-2.38,-3.36,409,349,248,305,325
-0.19,-0.97,-0.13,-0.18,-2.26,-3.85,409,354,252,308,323
-0.19,-0.96,-0.16,-0.61,-2.01,-1.28,408,346,249,300,322
-0.18,-0.97,-0.15,3.48,-3.54,-2.69,410,356,254,317,320
-0.19,-0.97,-0.11,-2.99,-2.69,-3.85,408,357,253,303,325
-0.19,-0.96,-0.14,-2.26,-3.48,-1.34,409,353,252,309,320
-0.18,-0.96,-0.16,0.79,-3.36,-2.32,409,353,255,307,324
-0.23,-0.96,-0.17,0.79,-3.78,-1.65,414,351,248,310,331
-0.22,-0.96,-0.16,2.01,-3.66,-3.05,410,355,250,304,324
-0.17,-0.97,-0.13,-6.16,-3.23,-0.18,408,352,262,302,323
-0.23,-0.96,-0.17,0.55,-2.99,-5.49,408,356,247,302,323
-0.23,-0.95,-0.19,1.28,-3.42,-2.20,408,349,253,310,321
-0.22,-0.95,-0.19,-1.46,-4.33,-0.73,407,352,251,307,325
-0.22,-0.95,-0.16,-2.14,-2.08,-1.89,407,356,248,303,319
-0.23,-0.95,-0.17,1.71,-3.48,-2.93,408,357,252,312,321
-0.23,-0.95,-0.16,-0.85,-6.47,-2.44,411,356,250,305,321
-0.21,-0.97,-0.12,0.61,2.20,-2.69,408,354,248,304,322
-0.23,-0.95,-0.18,2.69,-1.59,-4.70,407,355,252,308,324
-0.24,-0.95,-0.17,-1.59,-2.08,-0.49,406,356,250,308,326
-0.23,-0.95,-0.15,3.30,-3.91,-2.62,406,359,245,307,318
-0.24,-0.95,-0.15,0.98,-3.60,-2.32,401,352,251,309,321
-0.23,-0.96,-0.14,1.28,-3.91,-2.62,400,359,251,309,322
-0.24,-0.96,-0.13,0.43,-3.60,-3.11,400,351,251,300,323
-0.24,-0.96,-0.12,1.53,-2.75,-2.99,396,355,260,305,323
-0.22,-0.95,-0.14,2.20,-4.70,-0.73,391,357,252,301,324
-0.25,-0.95,-0.13,0.61,-3.36,-2.26,395,350,253,310,321
-0.24,-0.96,-0.12,-2.20,-2.20,-3.30,385,357,255,309,325
-0.24,-0.98,-0.13,-8.18,1.95,-5.62,402,354,254,310,325
-0.19,-0.96,-0.17,-1.40,-0.24,-7.08,403,358,246,312,319
-0.15,-0.96,-0.16,-1.65,0.55,-3.11,411,332,253,305,318
-0.18,-0.96,-0.15,0.12,-1.16,-0.49,410,337,250,305,318
-0.18,-0.96,-0.16,2.26,-3.42,-1.40,412,335,252,298,311
-0.16,-0.97,-0.14,1.77,-2.69,-4.64,408,332,249,303,312
-0.20,-0.97,-0.14,-1.10,-1.53,-1.71,417,342,256,297,317
-0.18,-0.97,-0.13,1.71,-2.44,-2.26,408,344,253,301,314
-0.18,-0.97,-0.13,4.82,-5.80,-3.17,410,339,254,302,311
-0.19,-0.96,-0.14,-2.32,-3.60,-1.28,410,342,255,307,313
-0.24,-0.96,-0.18,1.28,-3.23,-1.28,408,346,255,301,316
-0.21,-0.96,-0.14,2.50,-3.48,-1.04,406,341,253,300,314
-0.20,-0.97,-0.10,-1.59,-3.91,-3.85,408,346,256,305,317
-0.22,-0.96,-0.10,-5.07,-0.67,-3.23,405,341,254,306,317
-0.20,-0.96,-0.13,4.52,1.10,-6.84,405,345,256,303,316
-0.21,-0.96,-0.11,6.41,-4.64,-2.26,407,345,248,307,312
-0.22,-0.96,-0.10,-3.54,-4.03,-4.52,405,346,253,303,315
-0.18,-0.97,-0.11,2.14,-1.77,-3.91,401,346,251,301,314
-0.16,-0.98,-0.10,1.10,0.12,-3.85,401,343,248,305,318
-0.19,-0.97,-0.12,-2.26,-0.24,-2.99,404,347,251,318,316
-0.17,-0.97,-0.10,2.20,-1.77,-4.52,405,348,254,301,317
-0.19,-0.98,-0.09,-1.34,-1.83,-5.86,390,346,255,305,314
-0.20,-0.96,-0.12,4.15,-6.29,-6.41,402,346,253,305,320
-0.16,-0.97,-0.13,0.67,-4.70,-2.32,399,341,253,304,317
-0.19,-0.97,-0.09,1.10,-3.78,-1.10,401,343,252,305,320
-0.15,-0.98,-0.07,2.01,-7.39,-1.40,399,344,253,306,318
-0.18,-0.98,-0.09,0.24,-6.96,-5.68,397,344,254,309,318
-0.21,-0.97,-0.08,-0.49,3.91,-0.61,397,340,251,301,316
-0.15,-0.97,-0.07,5.25,-4.39,-1.46,396,345,255,307,318
-0.21,-0.97,-0.04,1.53,-5.74,-2.56,398,345,255,306,314
-0.20,-0.97,-0.09,2.20,-4.27,0.00,391,345,257,313,316
-0.17,-0.97,-0.01,-0.06,-3.72,-1.10,396,343,257,305,315
-0.21,-0.97,-0.01,1.04,-4.76,-1.46,389,346,254,302,315
-0.22,-0.97,-0.05,-1.46,-4.52,-0.61,390,347,256,302,318
-0.22,-0.98,-0.06,-1.16,-3.66,-1.71,388,343,252,308,318
-0.23,-0.98,-0.05,1.34,-2.20,-3.11,386,344,260,305,319
-0.22,-0.97,-0.05,-2.50,-2.56,-2.14,382,349,253,306,315
-0.23,-0.97,-0.07,-0.85,-4.15,-0.85,381,344,247,307,320
-0.22,-0.97,-0.04,0.24,-2.38,-1.77,385,345,250,311,317
-0.21,-0.97,-0.05,1.10,-2.75,-3.36,384,346,252,305,321
-0.22,-0.97,-0.06,1.71,-3.36,-3.23,391,344,249,312,318
-0.20,-0.97,-0.04,1.22,-1.95,-2.44,384,344,255,308,315
-0.21,-0.97,-0.03,1.28,-3.85,-2.93,386,347,256,302,315
-0.19,-0.97,-0.01,2.44,-1.95,-3.97,382,349,254,304,317
-0.19,-0.97,-0.02,0.98,-2.56,-2.69,383,348,250,304,317
-0.21,-0.97,-0.03,-0.49,-4.46,-0.73,381,347,255,306,321
-0.24,-0.97,-0.03,-0.92,-4.09,-1.34,382,347,251,308,314
-0.23,-0.97,-0.04,0.31,-1.46,-4.09,384,347,254,309,317
-0.20,-0.97,-0.04,1.53,-2.01,-4.09,385,346,253,310,318
-0.20,-0.97,-0.03,-0.31,-3.48,-1.40,380,342,255,309,319
-0.23,-0.97,-0.04,-0.18,-4.27,-0.73,384,348,253,305,318
-0.24,-0.98,-0.03,-0.73,-3.30,-2.44,373,346,264,308,320
-0.20,-0.97,-0.04,0.00,-1.89,-3.72,384,343,256,305,320
-0.21,-0.97,-0.03,1.95,-3.23,-2.38,382,345,255,309,318
-0.23,-0.96,-0.03,-0.43,-3.78,-1.71,395,347,257,308,321
-0.23,-0.97,-0.03,1.77,-3.78,-3.23,377,345,254,306,318
-0.21,-0.97,-0.03,0.00,-1.16,-3.30,378,345,251,307,320
-0.23,-0.97,-0.03,-0.85,-1.71,-3.48,377,346,252,302,318
-0.22,-0.97,-0.05,0.31,-1.46,-4.70,379,346,250,302,321
-0.20,-0.97,-0.04,1.71,-2.14,-3.85,377,348,256,306,316
-0.22,-0.97,-0.02,1.10,-4.03,-1.22,378,346,254,308,321
-0.24,-0.97,-0.03,-0.92,-3.23,-2.44,381,342,255,305,323
-0.22,-0.97,-0.04,0.18,-1.53,-4.21,374,342,256,303,321
-0.19,-0.97,-0.02,1.59,-2.01,-3.17,379,344,255,309,326
-0.22,-0.97,-0.03,1.16,-5.31,-0.49,375,347,251,301,320
-0.25,-0.98,-0.03,-0.24,-3.72,-2.50,368,344,254,303,321
-0.23,-0.97,-0.05,0.00,-1.59,-3.60,370,345,250,303,322
-0.22,-0.97,-0.04,-0.92,-2.56,-1.83,371,348,256,309,315
-0.23,-0.96,-0.03,0.06,-4.88,-0.49,412,345,254,310,324
-0.25,-0.97,-0.03,0.79,-4.15,-2.01,370,347,254,311,323
-0.21,-0.97,-0.03,0.00,-0.55,-4.76,372,348,255,305,323
-0.19,-0.97,-0.05,-0.85,-1.77,-3.66,378,347,245,309,322
-0.22,-0.97,-0.07,-0.43,-2.32,-2.38,393,345,252,308,321
-0.20,-0.96,-0.07,0.00,-2.69,-2.14,405,349,251,304,323
-0.19,-0.98,-0.04,-0.73,-1.16,-3.91,402,345,256,305,334
-0.18,-0.97,-0.06,-0.73,-1.83,-2.20,403,350,253,309,324
-0.20,-0.98,-0.07,-1.65,-3.60,-1.53,408,353,253,308,325
-0.22,-0.98,-0.06,-3.97,1.34,-4.70,406,353,249,311,323
-0.19,-0.97,-0.05,0.31,-3.42,-2.08,408,348,251,308,325
-0.21,-0.97,-0.07,-1.28,-4.82,-1.28,406,353,257,307,320
-0.20,-0.97,-0.09,-4.27,-2.75,-4.58,406,350,254,322,323
-0.18,-0.97,-0.05,0.73,-4.09,-1.77,408,349,257,305,323
-0.18,-0.97,-0.06,0.67,-3.23,-1.77,405,348,253,310,319
-0.16,-0.98,-0.06,0.98,-3.36,-2.32,412,348,253,307,323
-0.16,-0.98,-0.07,2.75,-6.47,-7.26,409,349,266,307,324
-0.18,-0.98,-0.06,0.31,-2.93,-3.23,405,349,255,305,323
-0.20,-0.97,-0.10,-5.86,0.43,2.14,411,349,254,310,317
-0.12,-0.97,0.01,6.71,-6.96,-3.42,407,350,254,303,324
-0.19,-0.97,-0.12,-10.62,0.73,0.85,409,351,253,303,315
-0.15,-0.98,-0.02,10.01,-3.97,-5.92,402,350,257,305,321
-0.16,-0.98,-0.11,-4.52,-2.32,3.11,398,350,256,307,320
-0.20,-0.97,-0.08,-3.60,-2.99,-2.38,397,348,251,311,320
-0.16,-0.97,-0.05,1.04,-2.69,-3.17,427,350,256,311,337
-0.12,-0.98,-0.02,12.70,4.33,-7.63,395,349,252,307,321
-0.18,-0.98,-0.08,-14.10,1.04,-6.10,400,351,254,306,322
-0.18,-0.96,-0.13,-0.24,-2.44,4.94,399,351,248,306,319
-0.18,-0.98,-0.09,-0.12,-2.56,0.61,403,352,254,309,325
-0.21,-0.97,-0.10,0.49,-10.38,-0.24,400,353,255,308,323
-0.16,-0.98,-0.06,-1.10,5.19,-3.60,396,348,253,302,324
-0.19,-0.97,-0.11,6.53,-4.33,-1.83,431,349,251,306,322
-0.19,-0.98,-0.08,0.73,-3.23,-1.95,401,349,252,307,323
-0.20,-0.97,-0.06,3.72,-5.07,-2.81,393,349,252,303,324
-0.18,-0.95,-0.01,2.20,-3.23,-2.08,396,354,253,307,324
-0.19,-0.97,-0.04,-0.37,-3.23,-2.08,395,352,254,305,323
-0.20,-0.97,-0.06,-0.61,-1.65,-3.60,422,348,255,310,323
-0.19,-0.98,-0.06,2.32,-2.69,-3.11,393,348,256,305,318
-0.21,-0.97,-0.04,2.08,-5.31,-0.85,400,350,246,308,324
-0.20,-0.98,-0.03,-1.53,-1.89,-3.78,394,348,255,305,322
-0.18,-0.98,-0.06,-1.28,-0.85,-2.75,399,347,253,308,326
-0.22,-0.98,-0.07,-0.06,-4.33,-1.10,401,346,252,301,323
-0.20,-0.97,-0.05,2.69,-3.05,-2.81,402,349,255,304,322
-0.21,-0.97,-0.05,-0.85,-1.04,-2.62,402,351,253,311,324
-0.20,-0.96,-0.08,-1.46,-1.65,-2.99,402,351,254,303,326
-0.19,-0.98,-0.08,-9.95,4.70,-8.67,403,346,258,306,324
-0.18,-0.99,-0.09,0.85,-2.50,-2.56,407,352,257,312,324
-0.20,-0.96,-0.11,1.34,15.44,-3.85,406,344,254,311,317
-0.19,-0.98,-0.10,-0.61,-4.39,-4.39,408,321,257,303,319
-0.15,-0.98,-0.12,2.14,-3.36,-4.58,403,327,257,307,315
-0.14,-0.98,-0.11,-0.37,-2.87,-2.62,404,328,265,306,316
-0.13,-0.98,-0.12,1.10,-4.58,-2.20,406,326,253,305,318
-0.13,-0.98,-0.11,1.83,-4.76,-2.14,407,326,255,319,314
-0.14,-0.98,-0.10,3.30,-5.31,-1.40,407,330,256,307,316
-0.15,-0.97,-0.09,1.40,-3.11,-2.01,403,328,257,301,315
-0.15,-0.98,-0.09,0.61,-3.17,-2.26,407,332,255,312,320
-0.16,-0.98,-0.10,0.31,-2.50,-2.69,405,331,255,305,317
-0.14,-0.98,-0.08,-0.49,-1.77,-2.26,401,332,255,311,318
-0.18,-0.98,-0.04,-1.22,-5.86,-2.32,401,332,252,307,319
-0.17,-0.97,-0.08,-0.12,-4.03,-0.92,402,331,241,305,313
-0.19,-0.98,-0.08,1.59,-5.13,-1.04,396,335,256,308,317
-0.17,-0.98,-0.09,0.37,-2.50,-3.72,400,333,252,306,318
-0.15,-0.99,-0.09,0.55,-3.85,-2.93,393,331,251,306,318
-0.17,-0.99,-0.08,-0.37,-2.44,-2.44,397,333,253,312,318
-0.16,-0.98,-0.11,0.67,-3.11,-2.44,395,333,255,306,318
-0.17,-0.97,-0.13,-2.26,-2.26,-0.55,394,334,256,312,318
-0.18,-0.98,-0.11,-0.85,-3.05,-1.46,398,337,254,305,321
-0.17,-0.97,-0.10,0.06,-3.23,-2.20,406,334,254,309,318
-0.18,-0.97,-0.11,0.12,-4.64,-2.14,397,336,254,306,317
-0.18,-0.97,-0.11,-1.34,-2.44,-1.71,396,334,255,312,321
-0.17,-0.97,-0.10,1.95,-2.81,-2.69,398,333,256,309,316
-0.20,-0.97,-0.10,1.10,-4.15,-1.77,399,338,253,309,317
-0.18,-0.97,-0.09,1.59,-2.69,-3.54,392,336,256,318,321
-0.16,-0.97,-0.10,0.24,-3.11,-3.05,396,334,253,308,321
-0.16,-0.98,-0.09,0.55,-2.69,-2.44,396,337,255,312,320
-0.17,-0.98,-0.08,1.10,-3.54,-2.20,396,337,255,307,320
-0.17,-0.98,-0.08,1.22,-2.38,-3.11,403,333,249,307,319
-0.17,-0.98,-0.08,1.28,-3.30,-2.32,415,339,257,304,318
-0.17,-0.97,-0.08,0.61,-3.91,-2.32,397,328,251,313,323
-0.18,-0.98,-0.09,-1.83,-3.05,-2.38,402,337,256,311,321
-0.17,-0.98,-0.10,-3.97,-1.59,-4.09,401,345,257,305,320
-0.16,-0.97,-0.13,0.24,-4.03,-1.77,406,341,253,308,323
-0.16,-0.97,-0.12,3.30,-4.03,-2.81,406,340,251,309,321
-0.17,-0.96,-0.12,1.59,-3.36,-2.56,406,341,256,305,322
-0.17,-0.97,-0.11,2.56,-2.50,-2.99,407,338,254,306,319
-0.17,-0.98,-0.10,-0.24,-2.56,-2.26,408,343,254,303,317
-0.18,-0.97,-0.10,0.06,-2.87,-2.44,403,343,257,313,323
-0.17,-0.98,-0.10,1.46,-3.11,-2.20,401,340,249,309,323
-0.18,-0.97,-0.10,0.06,-2.26,-2.69,403,335,256,302,321
-0.17,-0.98,-0.09,0.31,-2.87,-2.62,400,343,253,312,321
-0.18,-0.98,-0.09,-0.06,-2.14,-2.87,396,341,257,306,325
-0.18,-0.97,-0.10,2.38,-4.82,-3.48,401,342,254,303,322
-0.16,-0.98,-0.12,-2.38,-2.32,-1.83,400,339,253,304,321
-0.21,-0.98,-0.10,-2.14,-1.04,-9.03,398,341,258,314,320
-0.15,-0.97,-0.11,1.16,-2.20,-2.26,400,340,262,306,320
-0.16,-0.98,-0.12,0.49,-3.17,-8.06,402,337,255,302,321
-0.16,-0.97,-0.12,3.72,0.85,-1.53,401,338,254,308,322
-0.12,-0.97,-0.10,-1.83,-5.00,-2.69,400,347,252,308,316
-0.17,-0.97,-0.10,-0.12,-7.87,3.48,396,339,252,309,323
-0.12,-0.97,-0.13,3.30,2.38,-4.21,396,341,253,307,322
-0.20,-0.98,-0.10,2.01,-2.38,1.71,395,342,254,305,324
-0.11,-0.98,-0.08,-0.31,-10.62,-2.26,405,340,254,312,323
-0.17,-0.97,-0.12,-2.32,1.34,-5.74,397,341,254,309,324
-0.14,-0.98,-0.11,8.61,9.16,-2.75,396,339,253,305,323
-0.13,-0.98,-0.06,-3.78,-14.47,-2.87,399,343,254,314,321
-0.14,-0.98,-0.11,2.44,-11.11,4.33,400,344,253,307,323
-0.14,-0.99,-0.11,-1.65,9.28,-5.62,395,343,252,304,320
-0.16,-0.98,-0.07,1.59,-12.45,0.73,396,338,253,308,321
-0.16,-0.98,-0.06,0.00,-7.32,-3.66,398,339,255,310,323
-0.17,-0.99,-0.07,-0.98,-0.18,-2.93,398,342,250,312,322
-0.17,-0.98,-0.09,0.31,-4.70,-2.20,393,340,253,313,321
-0.15,-0.98,-0.07,0.06,0.67,-6.59,394,342,254,309,326
-0.14,-0.98,-0.03,0.85,-2.99,-0.98,391,343,254,308,323
-0.14,-0.97,-0.06,9.46,-1.10,-4.27,391,341,255,305,326
-0.17,-0.98,-0.03,-2.81,-7.63,-2.69,392,342,254,304,325
-0.15,-0.98,-0.07,-2.20,-1.53,-4.82,390,340,256,309,324
-0.17,-0.99,-0.04,-1.65,-8.36,-3.42,387,344,256,310,324
-0.14,-0.98,-0.06,-3.48,-5.37,-0.12,385,342,259,308,324
-0.17,-0.98,-0.07,-1.46,0.43,-0.31,382,341,254,311,325
-0.15,-1.00,-0.09,0.43,0.55,1.22,387,340,257,308,322
-0.21,-0.98,-0.05,-2.26,-11.35,0.06,383,343,250,308,323
-0.16,-0.97,-0.07,-4.09,4.27,-2.01,378,345,253,305,323
-0.18,-0.97,-0.08,3.36,3.85,-6.29,379,341,258,307,327
