0.32,0.92,0.29,-0.31,0.67,0.18,417,474,410,346,219
0.32,0.87,0.33,-8.06,8.00,4.21,414,471,412,346,220
0.26,0.85,0.41,-18.49,0.73,3.91,416,464,412,346,220
0.36,0.83,0.40,-0.85,-4.94,1.59,413,466,406,338,212
0.35,0.85,0.42,3.42,-3.97,-1.40,410,464,408,333,208
0.36,0.84,0.41,-2.62,3.78,-6.71,410,463,406,330,212
0.37,0.81,0.45,-1.65,-3.91,1.40,412,470,406,323,208
0.39,0.80,0.44,-7.75,-6.65,-1.83,413,470,407,326,209
0.39,0.81,0.45,-1.16,0.43,-1.77,411,466,407,327,211
0.37,0.78,0.48,-2.32,-1.16,-0.37,417,467,414,331,213
0.37,0.80,0.48,4.64,-3.72,-2.32,417,461,407,332,212
0.40,0.81,0.46,-0.37,-3.17,-2.26,415,467,405,334,214
0.39,0.79,0.45,-0.12,-2.50,-1.22,419,466,408,332,216
0.41,0.80,0.45,0.55,-4.03,-2.14,419,467,405,336,216
0.42,0.80,0.44,-0.12,-3.17,-1.04,416,466,404,333,215
0.45,0.80,0.42,4.27,-3.85,0.49,414,466,405,334,224
0.44,0.80,0.40,2.01,-7.14,-3.60,417,465,406,334,216
0.41,0.66,0.52,-25.39,25.09,-10.25,416,465,402,335,213
0.29,0.74,0.60,-0.31,56.88,-38.88,417,461,405,336,217
0.39,0.78,0.59,-4.58,-25.33,7.14,415,469,404,338,217
0.36,0.83,0.57,7.93,2.32,-22.22,417,466,407,340,217
0.38,0.79,0.55,-8.91,-2.69,4.76,414,465,405,345,221
0.29,0.75,0.56,0.49,7.51,0.37,414,462,406,343,223
0.38,0.79,0.58,-2.56,2.44,0.24,417,461,402,346,220
0.36,0.69,0.59,1.71,-4.09,7.69,417,465,404,345,222
0.40,0.68,0.59,-2.38,-13.31,5.37,414,465,402,350,228
0.46,0.67,0.61,1.46,1.71,1.53,417,469,399,351,225
0.45,0.61,0.60,1.83,-5.98,0.85,416,468,399,349,229
0.46,0.64,0.61,-0.85,-7.32,0.79,415,465,398,349,226
0.52,0.66,0.59,-2.62,1.46,-6.53,414,466,394,348,226
0.53,0.64,0.58,2.08,-10.19,4.76,417,462,397,349,229
0.53,0.63,0.58,1.65,-2.75,-7.69,417,468,395,352,228
0.46,0.65,0.62,2.87,-13.67,-0.55,418,461,396,352,227
0.47,0.63,0.61,-0.12,2.20,2.14,421,464,401,347,260
0.51,0.57,0.62,-7.63,1.16,3.23,418,464,397,351,226
0.45,0.66,0.61,11.72,-9.77,-7.26,416,468,398,351,227
0.46,0.73,0.56,5.13,-6.84,-0.61,417,460,399,349,231
0.46,0.67,0.58,5.00,-15.26,-0.55,420,464,398,351,228
0.52,0.69,0.51,3.66,-3.42,-7.87,417,469,392,350,228
0.51,0.66,0.55,-4.03,-8.42,0.31,416,469,398,352,240
0.56,0.68,0.55,-3.91,-6.35,0.24,421,461,393,348,230
0.51,0.62,0.53,5.68,-17.58,9.34,418,465,391,352,231
0.59,0.66,0.49,2.26,0.24,-8.85,419,465,393,357,227
0.56,0.65,0.48,1.16,-1.83,-8.48,416,467,393,349,230
0.58,0.67,0.50,-0.24,0.67,-4.03,422,464,395,350,231
0.60,0.69,0.49,2.62,-1.40,-4.27,430,471,389,347,230
0.57,0.64,0.49,1.22,-5.00,-7.08,423,469,388,351,229
0.54,0.67,0.51,6.16,-3.66,-3.23,420,465,390,348,230
0.53,0.70,0.50,6.65,0.55,-8.54,421,464,392,353,230
0.54,0.69,0.50,0.92,-3.48,-1.22,422,471,392,351,230
0.54,0.68,0.49,2.08,-0.85,-2.62,421,465,394,347,226
0.52,0.68,0.49,1.46,-4.27,-3.91,424,472,389,352,231
0.53,0.70,0.49,-2.26,-3.72,-2.93,417,460,392,350,221
0.53,0.71,0.50,0.12,-1.71,-2.93,426,466,392,348,230
0.52,0.70,0.49,0.31,-2.69,-4.52,420,465,392,348,232
0.51,0.71,0.48,-0.12,-1.59,-3.54,421,466,391,351,234
0.51,0.72,0.49,-0.73,-1.89,-3.97,422,459,393,349,231
0.47,0.74,0.51,-4.21,3.60,-7.14,422,465,394,350,233
0.40,0.73,0.58,0.06,5.74,-8.18,425,454,395,351,234
0.36,0.72,0.58,-4.09,7.63,-10.01,421,461,397,354,234
0.37,0.73,0.59,3.23,-11.41,2.50,422,463,400,355,235
0.38,0.74,0.58,0.06,-3.23,-2.38,422,465,398,356,237
0.39,0.74,0.58,1.46,-3.23,-2.87,425,463,399,355,234
0.39,0.74,0.58,-1.04,-3.11,-1.46,422,462,399,356,236
0.37,0.74,0.56,-0.85,-2.38,-1.46,424,463,399,358,235
0.38,0.73,0.57,0.06,-1.22,-3.66,419,462,395,358,236
0.41,0.76,0.56,1.34,-3.11,-2.56,418,463,398,356,236
0.38,0.76,0.57,-0.43,-2.56,-1.95,419,462,398,358,237
0.37,0.73,0.57,3.85,-1.10,-2.44,423,463,397,359,239
0.37,0.75,0.56,1.16,-3.48,-4.64,422,464,398,358,238
0.40,0.75,0.56,2.38,-3.17,-0.92,423,459,395,359,238
0.39,0.76,0.56,0.92,-3.05,-4.39,419,466,400,361,239
0.34,0.77,0.55,5.19,-0.43,-3.85,422,461,398,362,246
0.37,0.80,0.55,1.28,-4.03,-1.28,423,458,398,357,241
0.34,0.77,0.54,-0.73,0.37,-3.97,424,468,398,360,241
0.35,0.75,0.54,-9.09,-2.62,-1.65,421,462,399,360,240
0.35,0.77,0.55,1.10,-3.48,-3.11,423,461,398,361,240
0.36,0.78,0.55,-2.08,-2.14,-3.60,423,457,406,360,248
0.34,0.77,0.55,0.24,-3.54,-5.49,426,461,401,358,241
0.34,0.76,0.56,1.53,-2.20,-3.42,419,461,401,358,239
0.33,0.76,0.57,-1.10,-2.56,-2.81,421,462,395,361,241
0.33,0.77,0.57,0.67,-2.87,-2.14,422,461,401,362,250
0.33,0.78,0.55,0.24,-2.81,1.16,424,475,405,359,241
0.36,0.76,0.58,-0.18,-4.21,-0.37,421,462,399,362,244
0.36,0.76,0.57,2.32,-3.97,-3.72,419,464,397,363,243
0.36,0.75,0.55,1.59,-1.53,-2.87,421,460,396,363,238
0.34,0.78,0.56,-0.85,-5.74,0.00,423,461,397,362,241
0.37,0.74,0.56,-4.33,0.61,-0.31,421,460,399,362,243
0.36,0.71,0.58,-1.53,-1.10,-1.83,423,461,395,362,244
0.38,0.72,0.58,4.46,-10.13,8.06,423,464,400,360,249
0.36,0.73,0.59,6.71,-5.07,-0.37,423,462,398,360,240
0.35,0.74,0.60,0.73,-3.23,-2.81,420,466,400,362,243
0.37,0.73,0.59,-0.37,-1.77,-2.38,420,465,400,363,244
0.36,0.73,0.58,1.71,-2.69,-2.26,422,458,398,357,245
0.41,0.73,0.57,-0.18,-6.29,0.79,423,461,398,356,245
0.37,0.75,0.58,0.06,-2.32,-3.66,423,461,397,362,243
0.36,0.74,0.58,0.12,-3.36,-2.01,423,466,398,360,243
0.34,0.76,0.59,1.04,-0.49,-3.23,423,455,400,361,245
0.36,0.74,0.58,0.31,-2.75,-3.23,425,453,399,372,243
0.35,0.75,0.58,0.73,-2.20,-3.30,421,455,401,360,242
0.35,0.75,0.56,2.93,-3.30,-2.99,422,451,397,358,243
0.35,0.75,0.58,2.14,-1.95,-2.32,424,449,409,360,244
0.35,0.75,0.57,0.31,-2.69,-1.65,424,440,395,361,247
0.34,0.75,0.58,-1.59,-2.14,-2.20,425,452,396,362,246
0.35,0.76,0.57,-0.49,-2.81,-2.87,425,453,394,362,245
0.35,0.74,0.57,-0.37,-2.93,-1.83,420,457,400,362,244
0.35,0.75,0.58,-0.18,-2.01,-3.72,423,454,397,359,246
0.34,0.76,0.58,0.49,-2.81,-2.50,423,452,397,359,246
0.36,0.76,0.58,2.44,-3.36,0.37,419,450,399,365,247
0.37,0.74,0.58,3.72,-4.70,-2.38,423,459,400,365,247
0.35,0.75,0.58,0.24,-4.21,-1.28,421,453,398,363,243
0.34,0.73,0.56,-1.83,-3.48,-1.77,421,453,401,368,244
0.35,0.73,0.58,-0.49,-1.53,-1.71,421,453,400,362,246
0.35,0.75,0.60,1.04,-2.44,-4.94,421,451,395,365,245
0.34,0.73,0.60,-3.36,-5.00,-2.01,423,459,396,361,241
0.34,0.74,0.60,0.79,-3.66,-1.59,422,469,400,362,245
0.34,0.74,0.59,1.59,-4.09,-2.01,422,452,399,362,246
0.34,0.74,0.59,0.43,-3.60,-2.14,426,452,401,358,248
0.34,0.74,0.59,0.37,-3.11,-1.83,424,451,397,370,246
0.34,0.75,0.59,0.06,-2.38,-1.59,422,450,399,362,255
0.34,0.74,0.59,-0.73,-2.75,-3.78,423,457,397,361,246
0.34,0.74,0.60,-0.06,-3.17,-1.83,422,448,400,366,245
0.33,0.74,0.59,-0.67,-3.11,-2.38,423,454,396,365,247
0.32,0.72,0.60,0.24,-2.75,-1.77,425,454,395,360,248
0.36,0.73,0.60,0.98,-4.03,0.18,423,456,393,364,248
0.34,0.73,0.60,0.37,-2.99,-3.42,419,455,401,362,246
0.32,0.75,0.60,1.53,-1.53,-2.93,423,453,397,364,246
0.33,0.75,0.61,0.67,-3.48,-1.28,425,453,397,364,249
0.34,0.74,0.59,0.61,-3.05,-2.99,424,456,398,364,246
0.30,0.74,0.62,-1.16,3.72,-8.97,423,454,397,364,247
0.33,0.74,0.60,-0.18,-3.91,-3.30,424,453,398,362,248
0.31,0.74,0.60,-0.06,-2.50,-3.36,421,457,396,362,249
0.30,0.74,0.60,1.53,-3.66,-2.93,423,453,397,363,247
0.31,0.75,0.59,-1.04,-2.62,-2.93,425,454,396,357,242
0.32,0.75,0.60,-0.24,-2.50,-2.14,424,453,402,358,283
0.31,0.74,0.61,-0.79,-2.56,-3.72,423,450,398,366,245
0.30,0.77,0.60,-4.21,-9.52,-7.51,423,453,397,362,269
0.27,0.75,0.58,6.65,-5.37,-13.73,426,452,396,360,245
0.23,0.74,0.57,0.61,-23.07,-17.58,423,455,396,358,251
0.28,0.80,0.55,1.71,-4.64,-6.59,422,452,399,363,248
0.28,0.80,0.56,-1.46,-2.44,-0.37,426,450,399,378,243
0.26,0.82,0.54,-0.73,-1.77,-2.32,421,459,400,365,245
0.27,0.79,0.55,3.85,-2.44,-3.48,422,452,394,363,276
0.27,0.78,0.57,-2.44,-1.89,-2.32,424,456,394,362,247
0.24,0.78,0.58,-1.16,-2.93,-1.16,422,457,394,363,251
0.25,0.79,0.58,-0.24,-1.53,-2.93,423,453,398,360,243
0.25,0.81,0.58,3.72,-0.61,-2.81,420,457,397,362,248
0.27,0.80,0.56,-1.34,-4.21,-1.83,418,458,400,359,249
0.26,0.78,0.57,-2.08,-3.72,-2.62,418,457,400,363,248
0.25,0.78,0.54,-2.38,-3.30,-5.07,423,455,403,364,246
0.26,0.79,0.59,-8.24,-9.16,-2.38,424,454,399,362,248
0.31,0.78,0.60,1.77,0.00,-1.40,426,453,401,365,246
0.26,0.80,0.60,-1.71,0.67,-12.94,425,457,397,363,247
0.22,0.80,0.60,0.31,-3.23,-15.99,425,454,397,363,246
0.13,0.77,0.58,3.78,-4.88,-8.42,422,449,398,365,249
0.13,0.77,0.60,5.43,-7.63,-12.08,422,455,400,365,247
0.13,0.79,0.62,0.61,-0.49,-7.39,424,455,399,358,250
0.11,0.83,0.58,4.52,-6.16,-8.85,422,452,401,364,247
0.10,0.80,0.57,-5.86,2.50,-5.92,421,453,394,364,246
0.10,0.82,0.58,5.07,-3.36,-2.62,421,453,396,363,246
0.14,0.83,0.57,-4.52,-4.52,1.16,417,450,397,364,255
0.14,0.82,0.59,0.98,-4.52,-2.26,419,453,393,365,247
0.12,0.83,0.57,-11.11,0.00,7.63,422,449,399,361,264
0.13,0.82,0.57,-1.10,-2.20,-3.72,423,448,398,363,246
0.13,0.83,0.60,3.23,-2.81,-4.58,416,453,395,365,246
0.12,0.79,0.52,-1.71,-8.91,2.08,420,454,397,365,244
0.13,0.77,0.55,5.31,-0.43,-11.29,420,459,399,365,245
0.11,0.81,0.56,-2.14,1.40,-3.97,420,454,397,364,253
0.11,0.83,0.58,5.37,1.53,-6.04,418,455,393,360,243
0.11,0.82,0.55,-2.69,-10.07,4.09,419,459,395,360,245
0.06,0.80,0.57,-3.30,4.33,5.13,419,459,396,361,244
0.06,0.80,0.55,-0.98,-0.18,1.04,415,458,393,361,243
0.09,0.83,0.59,-2.01,-4.15,-5.37,418,451,397,360,244
0.05,0.85,0.66,-9.34,-1.83,-0.79,419,455,398,363,280
0.05,0.79,0.64,-10.74,-1.53,-9.40,422,456,393,363,243
0.01,0.77,0.66,0.31,-2.69,-6.10,418,456,399,364,248
0.03,0.72,0.62,7.20,-1.59,-1.77,421,456,397,362,242
0.04,0.75,0.62,2.62,-0.92,-3.54,422,459,396,362,243
0.05,0.79,0.62,-1.04,-3.72,-0.18,416,458,396,362,250
0.02,0.77,0.62,2.81,-3.85,-9.64,415,451,397,362,246
0.06,0.81,0.60,7.32,0.18,5.00,416,459,397,368,236
0.04,0.81,0.63,-0.85,1.16,-1.46,419,458,396,362,246
0.03,0.84,0.63,1.28,6.41,8.12,420,455,397,364,246
0.09,0.80,0.61,0.00,-1.04,-4.33,425,455,396,363,248
0.06,0.78,0.63,-3.36,5.55,-8.61,420,456,392,370,247
0.06,0.79,0.62,2.26,-10.44,1.16,419,459,396,363,245
0.07,0.79,0.60,3.72,-5.74,0.18,421,459,392,363,247
0.04,0.80,0.61,0.79,-4.52,-3.66,420,449,397,364,246
0.09,0.77,0.59,-0.12,-2.93,-4.46,415,454,397,363,246
0.09,0.79,0.62,1.46,-3.11,-0.98,426,454,397,363,248
0.11,0.81,0.58,4.82,-4.94,1.16,419,452,397,360,248
0.16,0.78,0.59,-1.83,-3.60,-2.81,415,445,393,345,236
0.13,0.79,0.60,-6.90,0.98,0.98,416,444,396,342,234
0.16,0.78,0.65,-0.67,-7.14,-6.16,415,445,387,341,230
0.11,0.78,0.64,-3.36,-7.14,-1.65,417,450,386,341,236
0.12,0.75,0.63,-1.53,-1.10,-0.92,418,451,388,344,236
0.13,0.77,0.64,0.37,-1.77,-2.93,416,450,388,344,234
0.14,0.75,0.65,-5.31,-3.72,-1.95,413,450,388,355,233
0.13,0.74,0.65,0.24,-1.28,-3.42,416,448,387,346,251
0.12,0.74,0.66,1.46,-3.11,-2.62,417,452,387,346,238
0.13,0.74,0.65,-1.10,-1.28,-2.38,418,452,388,349,235
0.13,0.75,0.64,2.01,-4.70,-0.37,419,452,388,348,238
0.14,0.75,0.64,-0.85,-3.42,-1.71,419,449,388,346,240
0.15,0.76,0.65,0.73,-4.21,-0.85,421,453,388,347,240
0.14,0.75,0.64,-0.79,-2.32,-2.38,419,452,394,348,239
0.13,0.74,0.65,2.38,-2.99,-4.15,419,450,390,353,236
0.12,0.76,0.64,-5.19,-0.61,-5.92,420,451,391,352,238
0.13,0.75,0.66,-0.43,-1.53,-0.73,418,456,390,351,242
0.11,0.75,0.65,1.22,-3.91,-2.75,419,448,392,348,238
0.12,0.75,0.65,0.24,-2.20,-1.28,419,454,394,353,250
0.12,0.75,0.64,4.88,-3.66,-0.06,416,458,391,354,242
0.13,0.75,0.67,3.30,-2.93,-8.30,419,448,391,353,242
0.13,0.78,0.65,0.06,-5.86,-2.81,420,453,394,351,241
0.13,0.76,0.65,-1.59,-1.89,-0.67,423,449,391,354,242
0.13,0.75,0.65,0.00,-1.34,-2.44,415,448,394,353,264
0.13,0.74,0.67,1.83,-2.32,-3.36,420,454,393,355,239
0.14,0.76,0.67,0.12,-3.54,-0.24,418,451,391,352,243
0.11,0.76,0.66,1.59,-3.17,-2.62,420,453,391,351,240
0.12,0.74,0.65,2.87,-3.66,-0.92,420,455,391,353,242
0.13,0.75,0.64,1.04,-4.03,-2.08,419,446,393,352,238
0.12,0.77,0.64,7.02,-4.46,-3.11,422,452,392,347,242
0.16,0.79,0.63,1.89,-3.78,-1.28,416,453,393,351,240
0.14,0.77,0.62,0.73,-2.38,-2.81,417,455,393,351,234
0.15,0.77,0.63,1.34,-2.81,-6.16,418,449,394,351,239
0.18,0.78,0.63,-1.65,-3.78,-0.49,421,449,391,349,242
0.18,0.78,0.62,2.99,-0.73,-0.55,421,456,388,351,241
0.17,0.78,0.60,0.79,-3.23,-2.01,421,449,390,352,229
0.17,0.77,0.61,-0.24,-3.48,-2.69,421,451,393,350,238
0.18,0.80,0.61,4.64,-3.66,-2.32,423,448,393,351,266
0.17,0.74,0.59,-4.94,-2.44,0.49,422,453,391,352,240
0.20,0.75,0.61,-5.00,-4.03,-4.27,418,455,387,349,240
0.19,0.73,0.62,-4.70,-3.66,-5.49,420,452,402,354,239
0.17,0.76,0.65,1.34,-1.65,-2.44,422,452,391,353,241
0.19,0.78,0.65,-5.31,5.43,-3.66,423,455,393,353,243
0.17,0.72,0.64,-11.41,-2.44,2.32,418,457,388,351,237
0.17,0.70,0.67,-3.11,-2.44,-2.44,417,453,389,348,239
0.20,0.72,0.68,-4.27,-1.59,-0.55,419,448,389,354,243
0.18,0.75,0.67,10.31,-7.45,-7.75,417,451,386,350,240
0.17,0.74,0.64,2.93,-3.85,-0.73,420,456,389,351,240
0.17,0.76,0.63,0.12,-3.42,-4.70,419,455,392,351,241
0.17,0.76,0.63,-5.07,-0.55,-1.65,417,451,387,350,240
0.17,0.75,0.63,0.37,-3.97,-2.50,421,453,390,352,241
0.12,0.77,0.63,0.67,0.61,0.06,421,455,390,353,240
0.11,0.73,0.62,-2.75,-1.28,1.28,417,452,389,352,240
0.12,0.75,0.65,2.56,-2.50,-3.05,423,448,390,352,243
0.16,0.77,0.65,2.69,-4.64,-2.14,417,450,393,352,241
0.13,0.74,0.64,-0.67,-5.49,0.85,418,452,396,364,241
0.13,0.73,0.63,2.01,-3.05,-5.92,416,455,395,350,243
0.15,0.76,0.61,3.05,-6.65,1.53,421,452,390,354,242
0.17,0.76,0.66,1.22,-2.99,-3.11,423,453,393,352,260
0.15,0.73,0.63,5.80,-4.64,-3.42,418,448,389,350,244
0.16,0.78,0.64,2.20,-3.30,-2.38,421,457,394,350,244
0.16,0.76,0.63,0.67,-2.87,-2.56,423,448,391,353,241
0.16,0.78,0.63,1.53,-2.20,-3.78,422,456,392,354,263
0.14,0.76,0.62,-0.49,-3.78,-2.62,421,447,395,352,244
0.15,0.76,0.60,0.67,-2.08,-2.87,420,453,395,350,241
0.14,0.78,0.59,1.16,-0.92,-2.01,431,454,389,357,244
0.14,0.79,0.60,1.16,-2.87,-3.66,424,452,396,357,245
0.14,0.79,0.61,0.37,-2.44,-2.62,421,448,394,353,242
0.15,0.78,0.61,-2.14,-3.05,-1.46,421,453,391,352,245
0.15,0.78,0.61,0.00,-3.78,-2.08,420,456,392,352,244
0.14,0.79,0.61,-1.28,-3.23,-1.89,421,454,394,355,243
0.14,0.73,0.59,-0.61,-4.03,-12.02,419,453,393,357,243
0.13,0.70,0.59,-0.79,-5.31,-9.28,422,452,393,354,243
0.11,0.76,0.65,-2.93,-3.60,-3.42,422,458,394,356,243
0.04,0.78,0.67,-7.14,-8.85,-4.39,422,458,394,354,245
0.10,0.76,0.69,-1.53,-1.40,-3.48,421,452,392,354,245
0.03,0.72,0.65,3.17,-1.71,0.06,418,447,395,355,242
0.08,0.75,0.64,1.77,-2.69,-0.37,416,461,397,357,243
0.10,0.74,0.64,-2.38,-2.44,-3.05,421,455,396,356,244
0.08,0.74,0.66,-0.37,-1.83,-3.42,419,449,393,353,246
0.08,0.77,0.66,0.98,-1.22,-3.78,421,457,393,355,245
0.08,0.75,0.67,0.12,-2.26,-1.83,418,452,394,353,240
0.07,0.76,0.66,1.28,-2.01,-2.69,423,455,392,355,243
0.06,0.73,0.66,2.81,-3.05,-2.38,417,456,392,356,244
0.06,0.76,0.65,0.85,-4.64,-0.92,421,453,392,352,244
0.07,0.75,0.65,-0.24,-3.54,-3.60,419,452,394,355,243
0.07,0.76,0.65,2.44,-3.60,-1.65,422,457,394,354,276
0.07,0.76,0.66,-0.06,-2.69,-2.81,420,453,394,356,246
0.05,0.75,0.63,-4.82,0.12,0.06,421,452,390,355,247
0.04,0.74,0.66,-1.16,-2.69,-4.70,420,452,393,358,247
0.05,0.76,0.66,0.12,-2.56,-1.71,422,452,393,354,245
0.05,0.76,0.67,0.24,-3.66,-2.56,421,453,390,357,244
0.05,0.74,0.66,-1.83,-3.05,-2.14,421,451,395,358,241
0.04,0.75,0.67,-0.12,-2.26,-1.89,424,453,393,354,242
0.05,0.75,0.67,-0.37,-2.93,-2.62,417,450,394,356,246
0.05,0.76,0.67,1.46,-3.60,-2.32,419,452,395,354,273
0.05,0.76,0.67,2.38,-3.11,-2.08,421,452,398,362,243
0.06,0.77,0.66,0.92,-3.66,-3.42,418,455,391,359,248
0.06,0.76,0.65,0.06,-2.26,-0.79,418,447,397,356,244
0.04,0.77,0.63,0.31,-3.85,-0.85,417,453,392,360,245
0.04,0.79,0.62,3.78,-3.91,-2.56,421,462,395,354,251
0.05,0.79,0.63,0.18,-3.85,-0.85,419,455,385,359,245
0.06,0.79,0.64,-3.42,-3.91,-1.28,421,451,388,356,243
0.05,0.78,0.64,1.04,-4.09,-3.72,419,456,387,357,243
0.07,0.77,0.64,0.92,-3.36,-0.49,423,452,389,356,246
0.06,0.77,0.64,2.44,-2.99,-2.44,420,455,388,354,247
0.06,0.75,0.62,-1.16,-7.14,-0.98,419,450,391,353,247
0.05,0.76,0.63,0.61,-2.32,-2.08,421,456,388,356,244
0.06,0.77,0.63,0.43,-3.72,-1.59,421,453,388,359,245
0.07,0.77,0.63,0.55,-3.05,-2.32,419,452,385,356,250
0.08,0.77,0.63,-0.24,-3.23,-2.26,418,452,384,366,242
0.07,0.77,0.63,0.37,-3.17,-1.89,416,457,388,359,246
0.08,0.77,0.62,0.67,-3.78,-3.17,418,457,389,356,248
0.08,0.78,0.63,-0.24,-2.81,-2.50,420,447,387,353,241
0.07,0.78,0.63,1.16,-1.95,-2.08,421,452,388,356,246
0.08,0.78,0.61,0.92,-2.87,-0.31,420,455,388,357,246
0.07,0.77,0.62,-1.40,-3.42,0.06,421,452,388,359,246
0.08,0.79,0.62,-2.01,-4.33,-3.42,421,454,389,358,245
0.07,0.79,0.61,1.16,-2.81,-2.62,420,468,390,365,245
0.05,0.80,0.61,0.18,-3.17,-3.66,420,446,386,357,247
0.06,0.79,0.62,-1.28,-2.01,-2.44,421,454,390,374,247
0.06,0.81,0.61,0.31,-1.95,-2.81,420,452,391,357,245
0.04,0.80,0.61,0.55,-1.89,-0.73,420,447,391,359,244
0.06,0.79,0.61,1.16,-3.54,-2.08,418,453,391,355,245
0.06,0.78,0.61,2.26,-2.56,-2.69,421,456,396,357,242
0.06,0.80,0.61,-15.50,-3.36,-1.04,420,454,398,357,245
0.06,0.79,0.61,1.59,-2.99,-1.89,421,449,393,357,243
0.06,0.80,0.61,-1.83,-3.54,-1.89,420,445,392,357,245
0.04,0.81,0.60,-1.40,-2.99,-2.75,422,455,392,357,280
0.04,0.81,0.59,-2.01,-3.85,-2.08,420,455,390,356,236
0.05,0.79,0.59,0.31,-3.11,-2.38,417,446,393,359,247
0.07,0.80,0.61,0.61,-5.49,-2.99,419,455,392,356,246
0.01,0.83,0.60,0.24,-1.28,-3.23,421,452,392,355,246
0.07,0.76,0.62,-23.80,7.14,0.37,420,450,392,357,248
0.06,0.73,0.72,-8.91,-1.83,10.80,422,445,394,359,248
0.18,0.59,0.75,2.87,-7.69,20.51,419,449,392,357,247
0.27,0.58,0.76,1.89,-1.89,6.41,423,450,397,358,249
0.22,0.57,0.80,2.01,-13.37,0.85,417,441,391,360,245
0.25,0.62,0.78,-7.02,-3.42,-4.15,418,451,393,364,247
0.25,0.53,0.79,-4.46,-8.06,-10.80,422,444,393,359,249
0.24,0.58,0.80,2.14,0.06,-9.46,420,451,396,357,248
0.19,0.63,0.78,1.53,-8.48,-8.12,422,451,393,360,250
0.26,0.59,0.78,8.79,-3.48,-4.94,421,453,393,358,248
0.13,0.65,0.73,-12.94,-6.84,5.13,423,451,390,360,254
0.15,0.61,0.80,-2.50,-3.66,-10.93,421,453,394,363,247
0.15,0.59,0.82,-9.40,-9.22,-9.89,423,447,396,358,251
0.22,0.51,0.83,-7.39,4.03,-13.18,420,449,394,359,249
0.14,0.52,0.86,-1.83,3.91,-3.97,419,446,394,358,251
0.03,0.52,0.90,0.24,6.71,-2.08,418,451,393,364,248
0.08,0.55,0.89,5.31,-20.02,15.87,417,448,395,360,247
0.10,0.50,0.85,-3.91,-5.98,1.04,421,446,394,359,256
0.19,0.49,0.88,-2.26,-7.45,6.16,418,445,394,364,255
0.19,0.48,0.89,1.77,-1.95,-2.81,415,448,393,364,254
0.19,0.50,0.88,0.00,-2.14,-0.79,419,447,392,362,254
0.20,0.48,0.88,0.00,-2.56,-2.69,419,446,392,365,252
0.20,0.48,0.87,1.10,-2.44,-1.65,420,447,390,359,254
0.19,0.48,0.87,1.83,-0.98,0.12,415,447,390,365,255
0.18,0.50,0.88,2.44,-2.44,-0.61,419,449,388,360,255
0.19,0.50,0.88,-0.06,-1.65,-1.59,420,447,393,368,256
0.19,0.50,0.85,3.42,-2.08,-4.94,418,449,388,363,254
0.22,0.58,0.79,19.41,8.12,-0.24,421,448,391,361,255
0.14,0.66,0.75,15.38,12.76,-10.93,420,441,403,360,253
0.14,0.68,0.72,-1.89,-6.77,1.04,417,447,391,365,252
0.14,0.68,0.71,2.75,1.77,-0.61,418,440,389,366,248
0.11,0.68,0.70,-0.49,-2.08,-2.75,415,439,388,359,253
0.12,0.71,0.71,-1.40,3.42,-6.96,431,441,389,366,252
0.10,0.71,0.72,-4.94,-9.22,1.04,418,443,392,361,252
0.14,0.70,0.70,1.83,-4.82,-1.10,416,446,395,365,253
0.15,0.71,0.70,-2.26,-3.66,-2.69,418,441,392,370,254
0.16,0.70,0.71,3.36,-1.16,-1.28,415,440,393,367,256
0.14,0.70,0.71,0.37,-0.85,-2.75,415,445,391,364,256
0.13,0.69,0.72,-2.75,-2.20,-1.65,416,442,390,361,255
0.14,0.71,0.72,0.18,-2.87,-1.34,415,439,395,368,254
0.13,0.69,0.73,0.49,-3.48,-0.61,421,444,395,364,252
0.10,0.65,0.73,-5.37,-8.12,-2.26,418,444,392,367,259
0.11,0.66,0.75,0.06,-1.83,-1.83,420,442,392,366,255
0.12,0.66,0.75,0.12,-3.54,-1.16,417,446,391,365,252
0.14,0.66,0.76,-0.43,-5.98,-0.67,419,440,392,364,256
0.16,0.64,0.76,-1.65,-6.90,-2.38,424,446,395,368,255
0.17,0.64,0.76,-1.10,-5.49,-5.98,418,445,393,367,255
0.16,0.63,0.77,-1.46,-3.23,-2.81,422,446,390,366,250
0.16,0.63,0.77,-0.43,-3.85,-3.05,416,444,389,362,253
0.15,0.63,0.77,-1.40,-3.05,-2.14,416,448,393,363,252
0.16,0.63,0.78,-1.22,-2.44,-3.48,422,447,393,365,258
0.15,0.63,0.78,-1.53,-3.42,-4.94,417,446,389,365,257
0.16,0.63,0.78,0.12,-1.04,-3.23,421,448,391,364,258
0.17,0.61,0.78,-1.77,-3.23,-1.28,420,445,391,365,268
0.16,0.62,0.77,0.31,-2.56,-3.97,420,448,392,366,271
0.16,0.63,0.78,2.38,-3.60,-1.34,421,448,395,368,258
0.16,0.63,0.78,1.28,-3.42,-2.87,422,447,390,368,257
0.16,0.64,0.76,6.96,-6.23,-0.92,421,446,392,366,255
0.17,0.64,0.75,2.69,-3.23,-4.15,417,444,393,354,247
0.16,0.64,0.75,0.31,-2.38,-1.59,419,444,393,357,247
0.18,0.65,0.74,0.67,-4.46,-4.46,416,442,393,361,247
0.17,0.64,0.75,-2.08,-2.32,-2.20,421,448,394,358,248
0.18,0.64,0.76,-1.22,-1.22,-2.87,422,446,394,363,248
0.20,0.65,0.77,-8.61,-5.68,3.66,420,443,390,362,249
0.20,0.62,0.78,-10.74,-4.58,6.53,421,446,400,359,247
0.22,0.58,0.76,-0.79,0.67,-1.77,427,445,389,358,246
0.21,0.61,0.76,1.46,-1.28,-3.23,419,444,392,362,245
0.19,0.63,0.77,1.53,-2.44,-0.06,420,449,390,359,239
0.21,0.62,0.77,-0.98,-2.56,-1.46,416,449,390,359,248
0.21,0.63,0.78,0.00,-4.03,-2.44,415,449,391,361,248
0.21,0.62,0.77,2.62,-3.23,-1.95,420,442,390,361,246
0.21,0.62,0.77,-0.24,-1.83,-4.09,420,449,387,370,258
0.20,0.62,0.77,-0.98,-1.65,-3.23,421,446,403,360,248
0.20,0.62,0.77,2.87,-2.99,-3.97,423,448,393,367,250
0.19,0.65,0.79,-1.77,-2.32,-2.01,421,446,391,359,250
0.19,0.64,0.76,-1.95,-1.71,-0.79,420,444,394,360,247
0.19,0.63,0.77,-0.55,-2.56,-0.98,419,446,390,363,251
0.20,0.62,0.76,0.24,-1.40,-2.99,415,451,387,360,252
0.18,0.65,0.78,-0.06,-3.66,-3.36,417,449,394,360,251
0.19,0.62,0.76,0.49,-2.26,-2.20,423,444,389,358,250
0.18,0.63,0.77,1.22,-2.38,-2.01,420,447,387,363,249
0.20,0.64,0.76,-0.24,-3.42,-2.69,423,446,392,361,251
0.19,0.61,0.75,3.11,-2.38,-1.65,411,443,394,365,246
0.18,0.65,0.75,1.10,-2.50,-1.46,415,451,391,365,253
0.18,0.64,0.76,0.92,-3.11,-2.81,418,449,394,365,255
0.17,0.64,0.75,0.12,-3.42,-3.72,420,446,388,367,249
0.16,0.64,0.73,-1.04,-4.03,-1.40,419,448,389,367,253
0.17,0.66,0.76,-0.37,-3.30,-1.34,421,447,390,368,253
0.16,0.67,0.77,-0.73,-3.17,-3.36,422,445,391,365,251
0.17,0.65,0.75,2.32,-2.56,-2.81,427,445,389,361,250
0.16,0.65,0.74,1.83,-3.60,-1.53,416,446,393,368,247
0.17,0.66,0.75,-0.92,-2.69,-0.79,421,440,387,364,251
0.18,0.65,0.75,-0.85,-2.69,-1.95,419,456,386,367,250
0.18,0.65,0.75,-0.18,-2.14,-2.20,421,447,388,366,248
0.17,0.65,0.75,-0.06,-2.62,-2.87,423,451,382,365,250
0.17,0.65,0.76,0.55,-3.91,-2.62,416,440,385,365,251
0.18,0.64,0.75,0.12,-2.93,-2.81,417,444,386,372,249
0.17,0.65,0.76,0.37,-2.81,-2.20,423,446,386,362,253
0.18,0.65,0.76,0.00,-2.81,-1.89,420,444,388,367,254
0.18,0.65,0.76,0.18,-2.87,-2.93,418,451,386,365,253
0.17,0.64,0.76,1.16,-3.97,-2.69,423,450,387,364,254
0.17,0.63,0.76,0.67,-2.20,-2.08,420,449,389,368,251
0.18,0.64,0.76,0.43,-2.56,-2.56,421,445,387,365,254
0.18,0.64,0.76,1.16,-1.77,-3.11,422,450,387,365,250
0.18,0.64,0.76,0.18,-4.21,-2.44,420,450,385,368,250
0.18,0.64,0.76,0.73,-3.36,-1.71,419,446,387,364,252
0.18,0.64,0.76,0.98,-3.54,-1.89,420,447,386,367,250
0.18,0.64,0.76,0.00,-3.78,-2.56,415,451,390,366,253
0.19,0.64,0.76,-0.12,-3.23,-2.01,418,441,386,363,253
0.18,0.64,0.77,0.79,-2.75,-2.26,415,443,386,362,252
0.17,0.63,0.76,0.06,-2.38,-2.56,419,450,387,368,255
0.18,0.63,0.76,0.49,-3.23,-0.92,416,448,384,369,253
0.18,0.65,0.76,-2.93,-3.60,-3.23,418,448,386,369,249
0.17,0.64,0.76,1.28,-2.26,-2.26,419,446,393,372,250
0.18,0.65,0.75,3.54,-5.00,-1.40,421,447,391,364,247
0.18,0.65,0.75,1.77,-3.66,-2.62,418,445,386,365,252
0.19,0.67,0.75,1.40,-2.81,-2.20,419,443,385,364,247
0.19,0.65,0.75,-1.89,-1.34,-1.10,415,446,386,367,252
0.19,0.66,0.76,-6.29,-1.95,3.91,417,451,384,365,249
0.24,0.63,0.77,-9.22,-0.55,6.96,420,447,387,369,250
0.21,0.61,0.78,3.23,-2.75,-4.64,416,450,384,367,245
0.22,0.61,0.78,1.95,-3.66,-3.30,416,448,386,366,249
0.21,0.61,0.79,0.31,-2.08,-1.46,418,441,385,361,252
0.22,0.60,0.78,-1.28,-5.31,-2.08,414,448,383,362,251
0.23,0.60,0.78,-0.12,-3.48,-1.95,418,444,379,361,251
0.22,0.60,0.78,-2.08,-3.05,-2.69,418,448,382,363,253
0.22,0.60,0.79,-0.12,-2.26,-2.75,419,451,383,366,251
0.22,0.61,0.78,-0.37,-2.26,-2.56,416,446,381,364,259
0.22,0.62,0.77,1.16,-2.08,-3.60,414,446,381,363,248
0.22,0.62,0.78,0.43,-3.23,-2.56,417,441,381,372,250
0.21,0.61,0.78,-0.06,-3.97,-2.50,416,448,382,361,253
0.22,0.62,0.78,1.77,-3.72,-2.44,419,452,379,364,250
0.22,0.62,0.78,0.43,-3.48,-1.59,414,448,380,363,253
0.22,0.62,0.77,1.59,-2.75,-3.36,417,448,388,364,252
0.22,0.62,0.78,-1.34,-1.10,-2.44,420,458,381,364,259
0.21,0.63,0.78,2.38,-0.55,-3.60,418,445,380,366,250
0.15,0.65,0.77,10.31,4.09,-8.06,417,455,387,365,253
0.13,0.69,0.71,16.42,-5.31,-4.82,414,454,390,366,252
0.16,0.81,0.62,6.29,-4.94,-8.48,418,454,392,366,254
0.12,0.80,0.61,-0.06,-0.98,-2.44,420,454,388,366,255
0.07,0.83,0.64,-7.81,-9.16,-11.84,420,454,390,370,252
0.11,0.75,0.65,-1.46,-3.17,-1.53,416,448,388,366,253
0.10,0.77,0.65,-3.48,-0.85,-1.22,421,458,392,374,251
0.12,0.75,0.68,-0.12,-4.15,-4.70,417,456,391,366,254
0.12,0.74,0.65,3.36,-4.27,-1.34,422,455,391,368,250
0.14,0.75,0.65,-1.89,-3.23,-0.06,416,455,394,368,253
0.14,0.75,0.65,-0.06,-2.69,-2.20,418,457,390,368,253
0.13,0.75,0.66,0.18,-2.81,-2.32,418,455,392,365,255
0.13,0.75,0.66,-0.24,-1.95,-2.08,420,453,393,368,255
0.13,0.75,0.65,-0.85,-2.62,-4.88,419,456,394,365,256
0.12,0.74,0.67,-2.26,-3.42,-1.89,414,456,392,366,251
0.13,0.75,0.67,1.34,-3.91,-1.28,418,453,389,369,255
0.13,0.75,0.66,1.22,-3.23,-1.83,419,452,393,363,254
0.12,0.74,0.67,0.85,-2.62,-0.85,419,454,390,367,256
0.13,0.76,0.67,0.37,-1.89,-3.11,417,448,392,367,272
0.15,0.73,0.66,-1.04,-7.02,-7.57,420,454,390,367,253
0.13,0.74,0.67,0.37,-2.32,-2.75,417,454,391,366,254
0.12,0.75,0.68,0.61,-3.60,-3.17,421,451,392,364,257
0.11,0.74,0.67,1.77,-1.83,-2.26,422,450,391,367,253
0.12,0.75,0.68,3.48,0.24,0.12,420,452,392,371,254
0.14,0.75,0.67,0.12,-1.89,-3.42,414,448,389,366,254
0.13,0.73,0.66,0.06,-3.36,-1.71,416,456,392,370,254
0.11,0.74,0.67,1.28,-0.85,-2.99,415,453,392,366,253
0.12,0.74,0.69,1.10,-4.15,-2.93,419,456,392,369,257
0.12,0.72,0.66,1.16,-5.13,-0.98,417,453,393,363,255
0.14,0.76,0.69,0.37,-0.37,-2.50,419,452,391,366,251
0.16,0.72,0.67,3.42,-5.49,3.54,420,452,391,364,254
0.17,0.72,0.67,6.35,-2.32,-3.23,417,448,392,366,253
0.20,0.74,0.71,4.46,-2.50,-1.65,418,456,390,365,254
0.20,0.75,0.68,7.20,4.64,-7.32,419,452,389,366,253
0.17,0.73,0.69,-0.85,-1.40,-2.50,418,452,387,365,255
0.17,0.72,0.68,0.73,-2.62,-3.36,419,453,388,367,253
0.18,0.72,0.67,12.15,-1.10,-1.77,419,455,389,364,265
0.18,0.73,0.66,0.49,-1.83,-3.30,418,452,391,363,255
0.18,0.72,0.66,-1.65,-0.92,-3.42,418,452,390,364,253
0.17,0.74,0.68,-1.16,-1.10,-3.48,417,456,388,369,255
0.17,0.72,0.68,0.31,-2.62,-2.38,420,451,390,366,252
0.17,0.72,0.69,-0.43,-3.23,-3.78,419,448,390,364,253
0.17,0.72,0.68,-0.67,-3.85,-1.40,419,453,392,365,254
0.18,0.73,0.68,-0.67,-3.11,-1.59,419,454,387,366,253
