0.98,-0.32,0.07,-2.32,1.46,-2.56,496,275,185,440,427
0.92,-0.35,0.08,2.81,-2.93,-3.66,495,283,188,443,430
0.95,-0.36,0.04,0.67,-4.88,-0.67,494,286,187,429,434
0.93,-0.36,0.03,4.82,-3.30,-1.65,496,282,186,439,432
0.95,-0.36,0.03,4.58,-3.17,-2.62,495,265,191,438,432
0.93,-0.36,0.04,1.34,-2.20,-5.07,497,278,185,443,429
0.89,-0.38,0.07,3.66,31.98,-12.21,501,280,191,437,430
0.35,-0.49,0.80,-18.01,169.80,28.26,494,280,193,420,433
-0.12,-0.47,0.86,1.10,-16.54,3.05,491,279,189,415,416
-0.07,-0.47,0.90,0.55,-4.46,-0.92,475,282,188,414,413
0.06,-0.49,0.89,7.93,-34.36,-13.73,495,286,197,416,417
0.22,-0.52,0.88,0.00,-6.41,-2.99,491,286,194,430,420
0.45,-0.58,0.74,-8.54,-9.40,-5.13,491,291,187,424,416
0.46,-0.49,0.76,1.95,-10.44,-4.03,492,287,187,424,422
0.38,-0.51,0.80,9.58,-2.93,1.46,494,292,190,415,421
0.19,-0.51,0.86,-1.65,1.89,1.53,492,286,189,421,416
0.33,-0.52,0.79,-1.28,-9.95,-9.16,477,285,194,421,412
0.51,-0.51,0.72,0.85,-3.42,-6.47,490,290,196,421,422
0.54,-0.54,0.65,-4.15,-10.25,-2.32,490,288,191,428,419
0.56,-0.53,0.65,0.31,3.85,-0.43,486,283,206,420,421
0.12,-0.61,0.81,-21.18,105.47,34.67,492,287,189,408,421
0.12,-0.59,0.79,4.88,5.37,-0.12,491,292,182,411,421
0.05,-0.58,0.83,4.82,2.08,0.92,494,296,183,412,418
0.05,-0.58,0.81,3.66,-0.79,-1.89,500,296,193,412,425
0.05,-0.57,0.82,3.23,-3.97,-1.89,489,293,193,413,424
0.05,-0.57,0.83,1.10,-3.54,-2.38,490,292,196,417,424
0.05,-0.57,0.82,1.40,-4.03,-4.27,492,293,193,420,425
0.05,-0.57,0.82,2.01,-1.04,-0.85,487,290,196,415,424
0.02,-0.57,0.83,2.20,-4.33,-2.20,492,292,191,409,424
0.03,-0.56,0.82,2.14,-5.49,-2.56,483,287,199,415,423
0.07,-0.58,0.81,2.69,-0.12,-2.14,491,299,195,419,421
0.06,-0.58,0.81,2.14,-3.72,-2.20,489,284,193,414,422
0.84,-0.47,0.31,3.85,-84.66,-17.70,491,298,199,415,425
0.90,-0.40,0.18,1.59,-0.43,-3.78,490,292,195,419,417
0.92,-0.39,0.17,0.55,-9.70,-1.46,488,312,181,424,416
0.91,-0.38,0.16,8.61,-2.44,-6.77,498,298,191,419,419
0.91,-0.38,0.17,1.04,-3.54,-3.23,483,296,193,425,416
0.92,-0.37,0.18,0.92,-4.33,0.49,493,296,194,428,418
0.93,-0.37,0.17,5.00,-3.78,-3.11,488,295,190,409,419
0.92,-0.37,0.15,2.99,-6.53,-1.95,487,299,183,429,421
0.92,-0.37,0.16,-0.67,-3.60,-0.67,494,297,186,421,420
0.92,-0.36,0.12,7.63,-7.02,-4.46,482,297,196,424,421
0.94,-0.35,0.11,4.39,-4.58,-2.99,489,304,200,423,423
0.93,-0.35,0.10,3.97,-4.09,-3.66,483,302,197,428,420
0.94,-0.35,0.09,8.18,-2.93,-3.78,487,293,201,424,420
0.95,-0.35,0.08,-0.18,-6.90,-1.65,489,302,193,423,424
0.93,-0.35,0.09,1.83,-3.97,-3.54,485,299,212,431,419
0.94,-0.34,0.09,2.01,-2.50,-4.64,488,304,202,424,419
0.94,-0.34,0.09,1.40,-3.91,-1.71,488,302,184,420,416
0.94,-0.34,0.09,2.26,-3.91,-2.14,489,304,199,429,420
0.93,-0.34,0.10,1.53,-2.56,-2.44,489,293,186,428,418
0.94,-0.34,0.09,2.14,-3.48,-2.99,490,302,196,423,417
0.94,-0.34,0.09,2.75,-3.85,-3.05,488,305,196,421,419
0.94,-0.34,0.09,2.69,-3.72,-2.44,487,302,196,429,417
0.95,-0.34,0.10,1.65,-3.66,-2.38,489,302,183,433,415
0.94,-0.34,0.09,2.08,-4.39,-1.65,485,306,193,428,412
0.95,-0.34,0.10,1.95,-3.17,-3.11,494,306,183,424,412
0.95,-0.34,0.10,2.75,-3.11,-3.54,490,292,194,431,412
0.95,-0.33,0.11,3.66,-3.42,-2.26,489,293,192,434,414
0.94,-0.33,0.11,2.81,-2.93,-3.48,492,301,196,435,413
0.93,-0.33,0.11,6.10,-2.99,-5.37,485,305,189,436,411
0.95,-0.32,0.12,3.91,-3.36,0.92,487,311,192,435,416
0.94,-0.30,0.17,2.50,-3.66,-4.64,488,307,190,436,414
0.95,-0.31,0.16,1.28,-3.11,-2.20,489,311,194,416,406
0.94,-0.31,0.17,0.85,-3.23,-1.22,486,309,180,437,414
0.95,-0.30,0.18,3.05,-0.49,-3.60,484,313,192,431,409
0.95,-0.30,0.21,2.62,-5.13,-1.71,489,305,194,423,417
0.93,-0.32,0.19,2.08,-3.30,-1.71,487,307,193,431,415
0.92,-0.31,0.19,-0.24,-6.59,-2.14,486,301,198,430,412
0.94,-0.31,0.17,3.23,-2.81,-3.85,487,306,197,435,414
0.95,-0.30,0.18,4.70,-3.48,-2.14,490,321,196,428,411
0.90,-0.34,0.15,7.45,-1.34,-6.90,481,304,192,429,415
0.96,-0.32,0.18,2.14,-2.32,-2.20,496,310,192,426,415
0.95,-0.32,0.16,2.26,-6.77,-3.72,488,309,194,431,414
0.95,-0.31,0.14,3.42,-2.75,-2.99,485,314,196,431,416
0.95,-0.31,0.18,3.60,-2.81,-2.87,483,302,193,431,413
0.94,-0.31,0.17,2.81,-3.60,-4.03,480,318,195,433,422
0.93,-0.31,0.18,3.72,-1.16,-3.42,481,304,195,437,433
0.95,-0.30,0.21,5.62,-0.73,-1.46,479,309,189,435,446
0.94,-0.30,0.23,1.10,-3.60,-3.23,517,303,195,426,454
0.94,-0.29,0.23,1.53,-4.15,-1.95,484,309,185,437,460
0.94,-0.29,0.22,2.26,-3.30,-3.17,479,308,198,433,456
0.94,-0.29,0.23,2.32,-4.15,-1.77,480,312,198,438,455
0.94,-0.29,0.23,-1.95,-2.26,-0.67,478,307,201,445,455
0.93,-0.29,0.24,1.95,-0.55,-3.36,472,310,183,434,455
0.94,-0.29,0.23,2.14,-3.36,-2.62,485,306,185,434,458
0.94,-0.29,0.23,3.05,-4.15,-2.38,485,311,192,430,445
0.94,-0.29,0.23,1.59,-3.72,-2.44,484,323,200,430,459
0.94,-0.28,0.23,2.62,-3.36,-3.23,479,317,191,429,449
0.93,-0.28,0.24,0.85,-2.87,-2.87,486,309,195,434,453
0.94,-0.28,0.23,1.28,-4.27,-3.11,480,312,195,432,446
0.94,-0.28,0.23,1.46,-4.52,-1.59,485,313,190,432,447
0.94,-0.28,0.22,2.26,-2.81,-4.58,484,322,195,432,447
0.95,-0.29,0.22,0.98,-3.97,-1.89,487,307,214,432,449
0.95,-0.28,0.23,2.69,-3.85,-2.32,483,311,196,437,453
0.95,-0.28,0.23,1.95,-4.09,-2.01,482,306,199,443,448
0.94,-0.29,0.23,2.20,-3.54,-3.11,488,313,199,433,452
0.95,-0.28,0.23,2.62,-3.66,-7.20,482,314,186,436,446
0.94,-0.29,0.21,1.71,-5.80,-0.67,479,300,204,438,450
0.94,-0.29,0.21,2.32,-4.21,-1.89,479,306,196,436,449
0.94,-0.29,0.21,1.28,-4.03,-2.01,486,304,195,435,442
0.94,-0.30,0.20,1.46,-3.11,-0.49,484,306,200,438,445
0.94,-0.30,0.21,1.22,-3.72,-3.17,484,312,200,435,450
0.94,-0.31,0.21,0.49,-3.91,0.61,486,308,200,438,446
0.93,-0.31,0.20,3.17,-2.44,-5.13,485,306,204,430,451
0.94,-0.31,0.20,1.53,-3.54,-1.95,482,303,197,437,450
0.93,-0.30,0.21,1.89,-2.75,-1.83,483,310,203,435,447
0.93,-0.31,0.21,3.30,-2.01,-1.95,483,308,200,440,446
0.93,-0.31,0.21,1.40,-3.91,-2.26,485,307,196,435,446
0.93,-0.31,0.22,0.98,-3.42,-2.69,483,311,202,433,447
0.94,-0.31,0.21,1.71,-2.87,-2.75,486,309,206,431,448
0.93,-0.31,0.21,1.40,-3.30,-2.44,486,306,198,432,442
0.94,-0.30,0.22,1.40,-3.85,-2.32,486,315,201,427,446
0.94,-0.31,0.21,2.62,-4.15,-2.87,486,314,209,433,442
0.94,-0.30,0.21,1.22,-3.60,-1.95,480,311,198,434,443
0.93,-0.30,0.23,2.14,-3.42,-1.40,483,311,196,435,449
0.93,-0.30,0.21,2.26,-3.42,-2.87,485,313,200,434,446
0.94,-0.30,0.21,2.01,-4.58,-2.01,490,305,204,434,448
0.93,-0.31,0.21,0.43,-4.94,-1.34,487,318,200,435,443
0.95,-0.31,0.19,0.73,-4.27,-1.89,486,315,198,438,445
0.94,-0.32,0.18,1.40,-4.15,-3.11,485,310,208,424,447
0.94,-0.31,0.18,3.11,-3.17,-2.99,490,311,201,439,444
0.95,-0.31,0.18,0.31,-4.15,-0.49,483,305,200,435,448
0.95,-0.32,0.17,1.46,-4.21,-2.38,488,310,189,442,446
0.95,-0.31,0.18,3.78,-4.03,-2.38,490,313,205,433,446
0.94,-0.30,0.19,-0.43,-3.60,-2.08,488,308,207,433,443
0.96,-0.33,0.17,2.50,-1.77,-1.59,484,316,201,437,438
0.94,-0.31,0.18,2.38,-2.62,-3.91,487,309,203,432,443
0.95,-0.30,0.19,2.20,-3.54,-2.93,482,310,202,432,445
0.95,-0.31,0.18,1.04,-3.11,-1.16,510,314,201,435,438
0.94,-0.31,0.18,3.23,-3.42,-4.82,482,311,202,433,448
0.94,-0.31,0.18,1.22,-3.30,-1.53,487,308,198,436,444
0.94,-0.31,0.18,3.60,-3.60,-3.48,489,310,199,432,432
0.94,-0.31,0.18,1.16,-3.30,-1.89,485,311,199,432,444
0.95,-0.31,0.18,2.14,-4.82,-1.22,488,315,201,435,442
0.95,-0.31,0.18,2.20,-2.87,-2.75,484,308,201,437,439
0.95,-0.31,0.17,9.70,-4.15,-2.81,482,310,205,429,441
0.94,-0.32,0.18,1.83,-2.99,-2.01,486,310,199,434,442
0.94,-0.32,0.17,1.71,-3.36,-2.87,485,308,207,433,439
0.94,-0.31,0.18,2.08,-2.93,-3.42,485,313,199,429,435
0.94,-0.31,0.18,1.34,-3.48,-2.75,482,308,202,434,444
0.93,-0.32,0.18,0.79,-2.38,-2.32,483,312,207,440,441
0.94,-0.32,0.18,0.43,-3.30,-2.32,484,309,207,435,444
0.94,-0.32,0.18,3.17,-2.26,-3.05,529,311,201,430,442
0.94,-0.32,0.19,0.79,-3.78,-1.83,486,318,205,442,445
0.94,-0.32,0.18,1.40,-4.27,-1.89,486,309,203,429,439
0.94,-0.31,0.18,2.01,-3.78,-3.05,483,311,195,440,442
0.94,-0.31,0.19,2.99,-4.39,-1.34,487,307,201,423,437
0.94,-0.32,0.19,1.83,-3.42,-2.20,485,307,201,430,445
0.94,-0.31,0.20,2.26,-4.21,-1.83,484,297,204,434,437
0.94,-0.31,0.19,3.05,-3.42,-2.87,486,306,199,430,447
0.94,-0.32,0.19,1.46,-3.66,-2.50,489,307,201,426,457
0.93,-0.31,0.19,2.81,-3.23,-2.87,489,307,207,440,440
0.94,-0.31,0.20,2.26,-3.23,-2.08,487,311,200,434,444
0.94,-0.31,0.19,1.89,-3.23,-2.75,483,310,201,434,441
0.94,-0.32,0.19,2.14,-3.42,-2.69,487,307,201,434,440
0.94,-0.31,0.19,3.23,-3.66,-2.14,483,309,198,429,437
0.93,-0.31,0.20,2.14,-3.66,-3.05,487,309,202,437,438
0.95,-0.31,0.19,1.10,-2.38,-2.69,484,309,200,429,432
0.95,-0.32,0.18,0.79,-2.20,-2.50,487,314,198,438,440
0.94,-0.31,0.20,2.32,-3.48,-2.26,481,313,203,441,440
0.94,-0.31,0.20,3.17,-3.85,-1.95,491,314,205,432,445
0.94,-0.31,0.20,3.30,-4.15,-1.95,484,312,197,439,442
0.94,-0.31,0.20,1.65,-3.36,-2.01,484,316,198,440,442
0.94,-0.31,0.20,2.20,-3.54,-2.62,484,311,200,435,438
0.95,-0.31,0.20,1.59,-3.91,-2.44,484,314,192,441,441
0.94,-0.31,0.19,0.49,-3.97,-2.32,482,315,198,436,438
0.94,-0.31,0.20,2.44,-3.60,-2.93,486,312,205,436,439
0.94,-0.30,0.18,2.99,-3.60,-1.95,488,315,200,439,439
0.96,-0.31,0.17,-0.24,-4.58,-2.01,483,311,201,432,436
0.94,-0.31,0.15,0.92,-3.05,-3.66,484,312,201,439,441
0.95,-0.30,0.15,4.09,-4.46,-3.97,481,310,201,441,444
0.95,-0.30,0.12,-0.43,-3.48,-2.99,486,306,213,429,439
0.93,-0.31,0.11,-1.04,-5.19,-2.38,480,313,205,452,441
0.97,-0.30,0.13,1.40,-3.66,-2.50,485,316,199,440,438
0.96,-0.30,0.12,2.32,-2.87,-1.95,486,301,206,438,438
0.94,-0.33,0.11,0.61,-3.11,-1.40,488,309,205,460,432
0.95,-0.32,0.12,2.01,-3.72,-2.99,486,323,201,437,440
0.96,-0.32,0.11,0.67,-4.03,-2.87,482,311,205,441,444
0.95,-0.32,0.11,2.87,-2.99,-3.78,485,310,201,445,440
0.95,-0.32,0.11,0.67,-2.93,-3.05,485,314,208,438,438
0.95,-0.32,0.12,0.85,-3.91,-1.16,477,315,206,437,436
0.95,-0.32,0.10,2.01,-2.93,-3.48,486,310,204,431,442
0.94,-0.32,0.12,2.50,-3.11,-2.75,485,313,205,440,439
0.95,-0.32,0.11,1.28,-3.85,-2.81,489,318,206,441,436
0.95,-0.32,0.11,2.99,-3.48,-3.42,484,314,202,437,440
0.96,-0.32,0.10,2.01,-2.44,-1.71,489,311,202,441,441
0.95,-0.31,0.10,1.83,-3.54,-3.11,487,324,201,442,440
0.96,-0.30,0.11,4.39,-2.93,-4.03,486,314,197,436,438
0.95,-0.31,0.10,1.22,-5.13,-1.40,489,317,200,443,439
0.94,-0.32,0.10,0.79,-4.21,-2.81,486,328,204,430,438
0.95,-0.30,0.11,2.26,-7.32,1.53,489,313,205,439,442
0.93,-0.31,0.10,1.04,-5.49,-2.20,486,313,200,440,441
0.97,-0.28,0.09,4.64,-1.83,-6.16,491,316,206,440,445
0.96,-0.30,0.08,-2.87,-4.94,1.89,489,315,208,438,441
0.94,-0.31,0.08,-0.18,-4.94,0.00,483,315,203,442,442
0.96,-0.31,0.09,1.95,-3.05,0.06,489,318,203,434,439
0.95,-0.31,0.10,0.49,-3.97,-2.08,486,315,206,437,440
0.95,-0.31,0.09,3.72,-2.69,-5.68,487,317,199,435,432
0.95,-0.30,0.12,2.75,-2.93,-4.09,492,344,203,441,441
0.96,-0.30,0.10,2.81,-3.97,-2.01,488,314,202,438,442
0.95,-0.30,0.10,2.32,-4.33,-1.89,491,332,205,440,436
0.95,-0.30,0.10,2.44,-3.91,-2.93,491,313,209,437,441
0.95,-0.30,0.11,0.98,-4.21,-1.34,485,315,211,443,434
0.98,-0.30,0.11,-1.04,-3.60,0.24,488,315,204,430,441
0.97,-0.30,0.11,2.87,-2.38,-1.77,485,316,198,437,439
0.97,-0.29,0.10,2.99,-3.97,-2.81,480,318,193,436,440
0.95,-0.30,0.10,2.26,-3.17,-2.32,487,319,210,441,442
0.95,-0.30,0.10,2.75,-2.75,-3.42,488,316,200,443,439
0.95,-0.30,0.10,1.53,-4.03,-0.49,490,313,200,433,441
0.97,-0.32,0.08,-0.24,-1.71,-8.79,488,317,202,443,433
0.95,-0.30,0.10,1.10,-3.11,-2.56,489,314,203,444,435
0.95,-0.30,0.10,0.92,-3.91,-2.44,483,317,201,441,445
0.95,-0.30,0.11,2.44,-1.46,-3.60,488,314,203,436,439
0.95,-0.30,0.09,1.46,-6.65,0.06,486,319,207,444,439
0.96,-0.30,0.08,3.17,-5.68,-5.19,481,316,201,442,444
0.99,-0.29,0.10,1.22,-2.62,-2.44,489,311,193,443,438
0.96,-0.30,0.08,3.30,-4.09,-2.32,529,316,203,442,444
0.97,-0.31,0.09,0.49,-3.42,-2.87,487,322,204,442,441
0.97,-0.31,0.09,1.10,-4.03,-1.89,487,318,202,443,432
0.97,-0.29,0.11,3.78,-3.17,-2.20,488,318,204,440,438
0.95,-0.30,0.09,2.20,-3.54,-2.93,490,315,201,437,438
0.96,-0.30,0.11,3.97,-4.09,0.18,490,319,206,444,444
0.97,-0.29,0.10,-1.22,-0.43,-10.31,489,316,201,436,438
0.95,-0.29,0.09,-4.94,-4.46,1.22,489,318,207,445,441
0.89,-0.28,0.11,-3.05,-7.08,-0.31,488,320,214,438,438
0.98,-0.27,0.04,0.98,-3.54,-0.12,487,318,213,436,442
0.94,-0.31,0.05,3.05,-4.82,-0.92,490,320,203,444,442
0.96,-0.29,0.06,0.73,-3.54,-1.95,484,313,204,443,439
0.97,-0.29,0.06,0.12,-3.72,-1.16,488,308,202,440,443
0.95,-0.29,0.07,3.48,-2.69,-4.52,488,316,201,443,438
0.96,-0.29,0.07,1.16,-3.85,-2.38,488,324,203,439,429
0.96,-0.30,0.06,1.16,-3.48,-2.32,491,318,200,440,440
0.95,-0.29,0.07,0.37,-3.30,-1.40,491,323,202,447,439
0.96,-0.29,0.07,2.50,-3.05,-3.66,489,319,200,439,441
0.97,-0.28,0.07,1.83,-3.11,-3.36,490,321,211,442,441
0.96,-0.29,0.08,1.65,-4.09,-2.14,480,313,202,444,440
0.96,-0.29,0.07,1.34,-4.52,-2.38,485,323,208,442,437
0.96,-0.28,0.08,1.83,-2.99,-3.05,488,315,210,442,440
0.96,-0.28,0.08,2.38,-3.97,-1.89,488,317,195,444,454
0.96,-0.28,0.07,1.77,-3.42,-2.69,487,317,194,451,435
0.97,-0.28,0.08,1.65,-4.27,-1.95,492,321,206,442,439
0.96,-0.28,0.08,1.95,-3.30,-2.93,490,317,195,442,444
0.96,-0.28,0.09,1.16,-3.48,-2.38,489,313,204,449,436
0.97,-0.28,0.08,3.11,-3.05,-3.42,486,322,206,443,432
0.97,-0.28,0.09,3.30,-3.30,-2.14,491,315,203,444,443
0.96,-0.28,0.09,0.92,-2.50,-2.75,492,321,208,441,439
0.97,-0.27,0.10,3.36,-3.85,-2.56,489,320,210,440,438
0.96,-0.26,0.11,3.17,-3.66,-2.14,492,320,205,441,440
0.96,-0.28,0.09,0.61,-3.91,-1.28,480,312,207,441,440
0.98,-0.27,0.09,1.71,-3.54,-2.99,501,320,209,444,441
0.96,-0.28,0.10,0.55,-2.44,-2.08,491,319,197,441,439
0.97,-0.27,0.11,3.42,-2.44,-4.21,500,319,204,441,438
0.96,-0.27,0.11,3.23,-3.72,-2.01,479,322,205,439,440
0.97,-0.27,0.11,2.87,-4.33,-1.34,488,316,209,440,439
0.96,-0.28,0.11,1.83,-3.48,-2.56,501,331,207,440,438
0.96,-0.28,0.11,2.14,-3.36,-2.99,491,316,203,436,429
0.96,-0.27,0.11,2.75,-3.85,-2.81,492,318,199,441,443
0.96,-0.27,0.11,2.20,-3.54,-2.08,487,313,203,441,441
0.96,-0.27,0.11,1.65,-3.54,-1.77,491,324,202,438,432
0.97,-0.28,0.11,1.95,-2.99,-3.66,518,318,207,433,438
0.97,-0.27,0.11,1.89,-3.54,-2.14,492,323,205,440,442
0.97,-0.28,0.11,0.92,-2.93,-3.11,489,317,203,435,440
0.97,-0.28,0.11,3.23,-2.81,-3.48,492,307,202,439,440
0.96,-0.28,0.11,1.59,-3.72,-2.69,490,319,206,438,435
0.96,-0.28,0.11,1.77,-3.17,-2.81,499,318,206,442,439
0.97,-0.28,0.11,1.59,-3.30,-2.44,487,319,197,433,437
0.97,-0.28,0.11,2.62,-3.30,-2.99,486,323,202,439,439
0.97,-0.27,0.11,2.44,-2.87,-3.60,486,320,207,434,439
0.96,-0.27,0.12,2.01,-3.05,-2.32,488,318,207,443,441
0.96,-0.28,0.11,1.65,-3.48,-2.32,486,324,211,441,439
0.97,-0.27,0.12,2.01,-4.52,-1.65,492,324,205,443,439
0.96,-0.28,0.12,1.83,-1.83,-5.00,488,321,209,437,436
0.95,-0.29,0.11,0.85,-4.03,-2.38,473,317,206,441,440
0.97,-0.28,0.11,1.77,-4.21,-1.83,491,316,202,435,441
0.95,-0.29,0.10,2.81,-1.95,-5.07,488,317,199,444,440
0.95,-0.30,0.10,6.77,-2.75,-4.27,490,323,205,439,438
0.96,-0.29,0.11,3.17,-4.15,-1.65,491,322,197,438,434
0.95,-0.30,0.10,2.62,-2.08,-2.62,486,321,206,441,436
0.95,-0.29,0.11,2.75,-1.77,-8.54,490,325,205,432,441
0.95,-0.31,0.11,3.48,-2.44,-2.20,488,319,210,437,437
0.95,-0.30,0.11,2.26,-3.72,-3.78,492,321,214,438,441
0.94,-0.30,0.12,4.27,-4.46,-5.98,484,317,199,444,442
0.96,-0.28,0.10,6.65,-3.17,-3.05,490,324,202,438,443
0.99,-0.25,0.12,6.16,-1.95,-6.04,490,320,195,445,442
0.99,-0.25,0.12,4.76,-3.17,-2.56,491,320,206,440,443
0.95,-0.29,0.10,4.15,-2.62,-3.66,488,320,202,442,440
0.96,-0.28,0.13,0.55,-4.70,-2.20,491,320,207,442,448
0.94,-0.29,0.09,2.81,-1.89,-1.95,489,323,203,438,434
0.96,-0.31,0.05,0.55,-3.78,-1.34,490,317,203,443,441
0.95,-0.32,0.05,2.20,-3.05,-3.60,488,323,203,443,437
0.96,-0.31,0.05,4.39,-4.33,-2.87,494,321,206,439,439
0.96,-0.31,0.06,1.16,-4.39,-0.24,492,322,207,439,440
0.95,-0.32,0.05,2.20,-3.78,-1.95,484,310,208,440,436
0.98,-0.31,0.06,5.00,-1.53,-1.53,483,327,205,453,445
0.94,-0.33,0.06,1.71,-4.15,-1.04,491,322,204,436,446
0.97,-0.32,0.06,2.01,-1.28,-4.33,485,322,199,437,447
0.93,-0.30,0.08,2.08,-22.95,3.36,486,313,202,442,445
0.94,-0.33,0.03,4.09,-3.42,-5.86,489,321,205,449,435
0.95,-0.31,0.02,2.32,-3.66,-1.04,489,320,201,436,442
0.95,-0.31,0.03,2.56,-3.66,-2.20,489,321,191,445,445
0.92,-0.32,0.03,2.62,-0.92,-4.76,486,316,208,432,448
0.97,-0.30,0.03,3.17,-3.66,-1.95,489,324,208,438,446
0.94,-0.32,0.03,0.49,-3.54,-2.62,487,328,207,442,447
0.97,-0.31,0.03,-6.23,-2.50,-0.24,494,326,226,438,447
0.95,-0.32,0.03,1.40,-3.42,-2.87,490,340,205,442,448
0.96,-0.31,0.04,2.32,-3.66,-6.77,495,334,202,440,448
0.94,-0.29,0.04,-0.67,-5.13,0.67,493,329,210,438,445
0.97,-0.29,0.06,2.44,-4.58,-2.44,490,327,208,441,449
0.96,-0.30,0.04,0.49,-6.41,1.89,490,339,204,442,441
0.95,-0.30,0.03,4.76,-3.11,-1.65,490,334,206,448,445
0.97,-0.30,0.03,1.22,-2.56,-2.44,496,330,204,439,443
0.94,-0.31,0.02,-0.79,-1.83,-6.04,488,332,202,439,443
1.00,-0.30,-0.00,3.36,-3.48,-6.53,481,334,204,450,444
0.95,-0.31,0.01,0.24,-3.91,-0.24,491,330,202,437,456
0.97,-0.30,0.01,4.46,-1.89,-5.19,489,332,207,444,443
0.96,-0.30,0.00,2.32,-4.09,-0.12,490,332,206,444,446
0.97,-0.29,0.01,2.32,-3.72,-4.94,490,332,206,441,447
0.96,-0.29,0.02,2.08,-3.48,-1.46,490,332,209,441,445
0.97,-0.30,0.01,0.61,-3.48,-2.38,491,332,206,441,443
0.97,-0.29,0.02,2.87,-2.87,-2.62,490,329,203,436,437
0.95,-0.30,0.03,3.54,-3.17,-1.89,491,334,209,443,443
0.96,-0.32,0.01,4.82,-3.91,-0.73,491,332,210,442,441
0.96,-0.31,0.02,3.11,-3.05,-4.88,495,335,218,448,441
0.95,-0.30,0.02,1.53,-4.03,1.16,493,339,204,452,435
0.95,-0.31,0.03,3.05,-2.69,-1.77,495,339,206,450,444
0.95,-0.30,0.04,3.11,-3.30,0.43,493,338,207,455,447
0.96,-0.30,0.03,3.05,-3.05,-3.17,493,338,203,448,442
0.96,-0.31,0.02,1.83,-4.82,0.00,492,335,208,451,446
0.96,-0.31,0.02,0.37,-4.70,-1.95,496,341,207,452,440
0.95,-0.31,0.03,1.77,-5.07,2.50,489,338,203,447,440
0.95,-0.32,0.02,5.19,-1.46,-5.19,493,340,208,446,441
0.96,-0.30,0.05,-0.12,-4.46,-0.73,494,337,207,453,444
0.97,-0.30,0.04,1.46,-3.66,-3.36,495,338,206,454,442
0.95,-0.30,0.05,0.73,-3.05,-2.01,492,338,207,449,442
0.96,-0.30,0.04,0.00,-3.72,-0.67,492,336,207,444,436
0.95,-0.31,0.05,3.36,-2.62,-3.97,490,335,209,452,441
0.96,-0.30,0.05,1.28,-3.66,-2.14,494,337,209,448,440
0.97,-0.30,0.05,3.36,-3.48,-2.56,498,338,203,455,441
0.96,-0.30,0.04,1.53,-3.78,-2.93,495,334,206,449,440
0.96,-0.29,0.04,1.28,-2.75,-2.14,498,340,209,447,436
0.96,-0.30,0.05,2.93,-2.99,-2.75,492,327,206,448,440
0.96,-0.30,0.05,1.10,-3.48,-2.26,494,335,208,444,436
0.96,-0.31,0.04,1.10,-4.52,-0.73,495,326,207,437,440
0.95,-0.31,0.05,2.44,-4.46,-0.55,497,342,207,452,444
0.96,-0.30,0.06,2.32,-3.42,-1.65,496,339,203,443,442
0.95,-0.31,0.05,2.26,-3.60,-3.60,494,343,208,453,433
0.96,-0.31,0.05,2.38,-3.05,-2.26,520,337,206,454,441
0.96,-0.30,0.06,3.36,-3.85,-2.08,496,339,209,452,440
0.96,-0.31,0.05,1.04,-4.46,-1.16,491,338,206,447,442
0.96,-0.30,0.06,2.87,-3.23,-2.62,490,338,206,454,440
0.95,-0.31,0.06,2.62,-3.11,-1.46,521,340,200,444,436
0.96,-0.30,0.07,1.71,-3.60,-2.69,490,343,209,448,437
0.96,-0.30,0.05,1.95,-3.30,-4.21,496,339,206,458,444
0.96,-0.30,0.06,1.71,-4.09,-0.73,498,344,209,438,441
0.95,-0.30,0.06,10.19,-2.44,-5.31,493,354,201,450,442
0.96,-0.27,0.09,1.10,-3.66,-2.26,497,330,207,456,439
0.99,-0.26,0.07,-1.28,-1.95,-4.46,538,330,207,462,443
0.96,-0.28,0.07,2.14,-2.99,-2.44,496,333,202,450,441
0.97,-0.25,0.10,5.80,-1.04,-4.52,502,329,205,454,441
0.96,-0.27,0.07,-5.49,-6.53,0.00,498,328,204,457,445
0.99,-0.27,0.05,0.85,-2.93,-3.30,502,349,201,457,444
0.98,-0.23,0.08,5.43,-3.23,-6.53,498,336,210,448,443
0.97,-0.28,0.06,5.68,-4.58,-0.06,498,337,206,455,445
0.99,-0.25,0.09,0.49,-2.69,-1.53,495,340,212,454,441
0.98,-0.26,0.07,1.65,-2.44,-4.70,496,336,201,451,443
0.98,-0.24,0.08,2.81,-2.93,-3.78,499,331,207,455,445
0.97,-0.27,0.08,1.59,-2.99,-2.38,523,344,206,451,437
0.97,-0.26,0.09,3.60,-3.17,-0.85,495,334,203,458,435
0.96,-0.26,0.08,0.12,-3.85,-1.53,493,335,205,460,445
0.97,-0.27,0.08,1.34,-2.81,-4.82,498,342,214,450,443
0.97,-0.27,0.08,3.17,-4.33,-0.98,496,336,224,460,453
0.96,-0.27,0.08,1.65,-3.17,-3.36,498,335,209,454,441
0.98,-0.25,0.08,2.93,-2.50,-2.44,492,335,195,448,439
0.98,-0.25,0.08,0.92,-4.21,-1.40,495,337,204,455,442
0.97,-0.26,0.08,2.08,-2.93,-4.03,493,336,204,448,442
0.97,-0.25,0.09,1.95,-3.36,-1.34,490,340,209,454,435
0.98,-0.25,0.08,2.81,-2.50,-4.21,491,330,192,451,443
0.98,-0.24,0.08,3.60,-3.60,-2.93,513,330,211,461,440
0.99,-0.25,0.07,1.34,-3.72,-1.83,479,334,210,457,444
0.97,-0.24,0.09,3.17,-3.05,-2.26,496,329,194,456,436
0.97,-0.25,0.08,1.65,-2.81,-3.23,493,337,205,458,441
0.97,-0.25,0.08,3.54,-2.93,-3.85,494,338,207,456,442
0.97,-0.25,0.09,2.26,-3.97,-2.14,494,336,204,455,440
0.98,-0.25,0.09,1.71,-3.42,-2.99,492,337,207,455,444
0.98,-0.23,0.12,1.95,-3.91,-3.54,495,335,209,460,429
0.97,-0.22,0.12,2.81,-3.66,-2.99,492,331,216,449,444
0.97,-0.23,0.11,3.36,-2.50,-2.38,496,334,222,451,437
0.98,-0.22,0.11,2.14,-3.66,-2.75,493,337,213,455,439
0.97,-0.23,0.11,2.14,-4.27,-2.62,497,331,208,461,444
0.98,-0.23,0.11,3.85,-4.64,-1.22,492,318,207,458,435
0.97,-0.24,0.11,2.69,-3.48,-1.40,495,335,207,460,440
0.97,-0.24,0.11,2.01,-2.75,-2.20,495,339,210,456,443
0.97,-0.25,0.11,1.89,-3.42,-2.87,491,341,213,456,442
0.97,-0.24,0.11,2.08,-3.78,-2.75,495,335,208,459,439
0.97,-0.24,0.11,2.08,-3.72,-1.04,495,338,208,462,439
0.97,-0.24,0.11,3.05,-3.05,-3.36,519,342,212,459,443
0.97,-0.25,0.11,1.28,-3.42,-3.05,494,340,207,458,439
0.98,-0.24,0.11,3.17,-3.30,-1.89,494,333,211,455,435
0.98,-0.23,0.11,1.34,-2.81,-3.11,497,339,210,459,436
0.96,-0.24,0.11,1.83,-3.66,-2.38,495,336,207,457,438
0.97,-0.24,0.12,1.89,-5.98,-0.85,494,342,206,459,440
0.97,-0.24,0.10,4.39,-3.17,-2.38,501,329,210,451,441
0.97,-0.24,0.11,1.10,-2.81,-2.75,493,344,207,462,438
0.97,-0.24,0.11,1.65,-3.30,-2.93,491,336,207,449,442
0.97,-0.24,0.11,2.75,-4.27,-2.50,495,342,211,448,440
0.98,-0.23,0.11,3.91,-4.15,-2.14,498,343,205,456,439
0.97,-0.23,0.11,2.08,-4.15,-1.46,494,336,203,454,442
0.97,-0.23,0.11,2.08,-2.44,-2.75,495,337,220,457,442
0.97,-0.23,0.11,0.92,-3.11,-1.46,498,338,209,459,441
0.97,-0.23,0.11,3.97,-3.91,-2.75,489,338,204,450,430
0.97,-0.23,0.11,1.77,-3.66,-2.62,490,333,208,455,443
0.97,-0.23,0.11,2.93,-3.72,-2.62,488,339,208,455,441
0.98,-0.24,0.10,0.73,-3.54,-2.20,490,340,207,463,456
0.98,-0.24,0.11,0.37,-4.58,-1.77,495,333,213,455,438
0.98,-0.24,0.10,2.99,-3.60,-1.77,494,342,209,464,442
0.97,-0.24,0.12,0.79,-2.75,-1.59,486,337,207,459,441
0.97,-0.24,0.11,2.87,-2.99,-2.75,497,346,208,469,439
0.97,-0.24,0.11,1.89,-3.42,-3.85,494,341,210,459,443
0.97,-0.24,0.11,1.40,-3.30,-2.32,496,343,205,457,440
0.97,-0.24,0.12,0.24,-4.76,0.67,496,340,206,457,439
0.97,-0.25,0.10,1.89,-5.07,-1.34,495,329,207,478,440
0.98,-0.24,0.11,3.36,-1.83,-5.49,498,341,202,459,436
0.97,-0.26,0.09,2.14,-3.11,-2.62,495,334,212,453,449
0.97,-0.26,0.10,1.95,-2.99,-3.54,497,339,209,457,443
0.97,-0.26,0.11,-0.79,-2.75,-3.54,493,343,211,447,438
0.97,-0.27,0.09,2.50,-4.64,-1.46,494,351,205,452,437
0.97,-0.26,0.10,1.22,-3.17,-1.53,493,345,201,443,442
0.96,-0.27,0.09,2.87,-3.91,-1.71,496,347,209,465,440
0.97,-0.27,0.10,1.53,-3.30,-2.38,495,338,209,451,440
0.97,-0.26,0.10,0.37,-3.78,-2.32,492,339,198,456,438
0.97,-0.26,0.10,1.28,-2.99,-2.81,495,333,211,455,437
0.96,-0.27,0.10,0.85,-2.87,-2.69,537,342,204,460,442
0.97,-0.27,0.10,1.65,-3.11,-2.99,496,347,207,452,432
0.97,-0.26,0.10,1.95,-3.11,-3.54,497,340,210,452,443
0.97,-0.26,0.10,1.34,-3.11,-3.05,497,338,203,467,440
0.97,-0.25,0.10,2.01,-2.81,-3.05,498,332,217,455,443
0.97,-0.24,0.11,2.32,-3.23,-2.99,493,339,205,452,441
0.97,-0.24,0.11,1.40,-4.27,-2.69,492,342,195,460,444
0.97,-0.24,0.10,2.14,-2.93,-4.27,494,340,209,455,438
0.97,-0.23,0.11,0.37,-3.48,-3.48,493,344,225,452,437
0.97,-0.24,0.11,2.44,-2.93,-2.62,496,345,210,457,439
0.97,-0.24,0.11,2.99,-3.30,-2.99,497,342,211,453,436
0.97,-0.24,0.10,2.20,-3.30,-2.56,496,333,210,459,439
0.97,-0.25,0.10,3.48,-4.21,-2.32,497,340,215,449,436
0.98,-0.24,0.11,2.50,-2.75,-3.11,497,340,209,480,440
0.97,-0.24,0.11,1.71,-3.30,-2.75,496,345,206,454,439
0.97,-0.24,0.12,2.56,-2.99,-2.87,492,334,223,460,441
0.98,-0.24,0.11,1.95,-3.42,-3.23,494,342,210,455,437
0.98,-0.24,0.11,2.08,-4.03,-1.77,494,338,210,460,436
0.97,-0.24,0.11,1.65,-3.23,-2.99,496,340,196,457,444
0.97,-0.24,0.11,2.62,-3.42,-2.26,489,335,213,460,442
0.97,-0.24,0.11,3.36,-3.42,-2.81,495,336,206,457,438
0.98,-0.23,0.11,3.36,-3.30,-2.93,488,342,211,462,439
0.98,-0.22,0.15,2.14,-2.38,-5.13,490,343,219,467,431
0.97,-0.23,0.12,3.54,-4.03,-2.38,496,342,209,455,429
0.98,-0.24,0.11,-0.49,-3.72,0.37,498,330,210,461,430
0.96,-0.25,0.09,3.91,-3.66,-3.48,498,343,205,460,433
0.98,-0.23,0.09,2.56,-3.78,-1.59,488,345,204,459,437
0.97,-0.24,0.09,1.40,-3.36,-3.66,497,335,206,459,438
0.97,-0.24,0.10,-0.67,-5.00,0.37,503,343,192,463,435
0.97,-0.22,0.08,1.65,-4.09,-3.54,497,334,205,452,439
0.98,-0.23,0.09,3.17,-3.91,-2.56,492,345,208,460,438
0.97,-0.24,0.09,2.44,-2.20,-3.42,495,347,211,472,438
0.96,-0.25,0.09,2.14,-3.72,-1.28,500,342,207,458,435
0.99,-0.23,0.11,1.95,-4.03,0.00,492,342,204,459,435
0.98,-0.25,0.09,1.71,-3.78,-2.56,495,340,207,454,438
0.98,-0.24,0.10,1.53,-3.78,-2.08,496,338,206,460,438
0.97,-0.24,0.10,1.71,-2.93,-3.48,497,341,206,463,436
0.97,-0.23,0.10,2.14,-3.54,-2.44,494,344,205,459,430
0.97,-0.24,0.10,1.46,-3.66,-4.27,496,349,208,462,439
0.96,-0.24,0.12,1.65,-4.03,0.37,496,340,211,471,436
0.97,-0.25,0.10,2.50,-2.20,-3.36,496,345,209,461,444
0.97,-0.24,0.10,2.56,-3.36,-2.81,494,343,204,455,430
0.98,-0.23,0.10,2.44,-3.05,-4.27,494,337,212,453,432
0.98,-0.24,0.09,1.89,-3.05,-3.66,488,347,204,456,438
0.98,-0.23,0.11,1.95,-2.87,-2.38,497,341,204,458,429
0.97,-0.24,0.10,1.28,-3.23,-2.38,488,343,208,459,435
0.99,-0.23,0.10,0.61,-2.93,-3.72,490,346,208,461,436
0.98,-0.23,0.11,0.92,-3.72,-1.71,494,353,209,458,440
0.97,-0.23,0.10,1.95,-4.39,-2.32,499,346,208,456,439
0.97,-0.23,0.11,2.93,-3.91,-2.44,492,347,229,462,438
0.98,-0.23,0.11,1.53,-3.85,-2.01,495,341,220,451,441
0.97,-0.23,0.11,2.08,-3.36,-1.77,493,348,207,467,440
1.00,-0.22,0.12,1.10,-3.97,-3.60,493,345,210,454,442
0.96,-0.24,0.10,0.55,-3.30,-3.60,496,349,205,458,438
0.95,-0.24,0.11,1.53,-5.00,0.61,494,352,211,456,438
0.97,-0.22,0.12,2.99,-4.33,-1.83,495,344,208,462,435
0.99,-0.21,0.12,3.60,-3.54,-2.14,496,341,206,457,438
1.00,-0.22,0.11,9.52,-3.42,-7.08,495,342,207,457,439
0.97,-0.22,0.09,5.07,-1.04,-1.40,492,340,204,455,440
0.97,-0.24,0.10,0.43,-3.36,-2.99,494,346,205,455,439
0.98,-0.22,0.11,2.01,-4.46,-1.59,497,350,211,463,440
0.98,-0.22,0.13,1.59,-3.42,-1.46,505,353,206,457,435
0.98,-0.24,0.09,1.10,-2.44,-2.93,488,333,210,459,443
0.97,-0.25,0.08,-0.98,-4.64,-3.91,495,346,205,459,437
0.99,-0.22,0.14,4.88,-2.01,-4.88,494,346,206,454,434
0.97,-0.25,0.09,1.95,-6.04,-0.31,495,346,213,465,430
0.97,-0.24,0.10,3.23,-2.75,-2.93,497,349,226,461,436
0.97,-0.24,0.10,1.71,-3.05,-3.17,492,352,210,461,437
0.96,-0.25,0.10,1.28,-4.27,-1.28,507,350,205,458,433
0.97,-0.25,0.10,0.98,-3.97,0.61,496,345,208,461,431
0.97,-0.24,0.12,2.01,-4.52,-2.69,496,343,206,461,438
0.97,-0.27,0.08,-1.53,-4.15,0.18,488,344,205,458,436
0.98,-0.27,0.04,2.93,-0.92,-4.70,495,345,206,462,434
0.99,-0.23,0.10,3.85,-2.87,-8.30,497,352,204,458,438
0.99,-0.24,0.08,0.92,-3.60,-1.59,495,357,205,461,433
0.97,-0.24,0.08,-2.50,-2.38,-2.20,492,350,207,462,444
