-0.18,-0.95,-0.22,1.46,2.01,-4.46,479,379,207,235,417
-0.17,-0.94,-0.22,-4.21,-4.64,-4.03,475,337,210,217,414
-0.14,-0.92,-0.28,-21.67,-24.35,-27.47,481,348,201,240,420
0.01,-0.96,-0.19,5.07,0.18,6.23,476,348,211,239,419
-0.14,-1.09,-0.11,-15.14,24.05,18.98,505,356,211,232,417
-0.31,-0.91,-0.26,-4.70,-2.93,-16.30,481,327,213,241,417
-0.21,-0.89,-0.34,0.55,-8.79,-16.36,474,340,205,248,414
-0.25,-0.87,-0.36,6.53,-0.43,-0.12,480,336,214,236,416
-0.26,-0.91,-0.30,0.24,-4.76,-2.62,485,340,215,246,421
-0.24,-0.89,-0.35,2.56,-2.32,-3.05,484,336,211,246,424
-0.23,-0.92,-0.30,-3.11,19.84,-15.08,484,345,210,250,422
-0.20,-0.93,-0.27,8.12,2.20,-5.80,483,342,208,243,421
-0.16,-0.91,-0.28,0.43,-6.47,-8.79,483,351,208,229,424
-0.17,-0.94,-0.26,2.01,-4.03,-2.69,478,351,210,241,422
-0.17,-0.94,-0.26,1.10,-4.39,-2.69,478,349,214,229,423
-0.16,-0.93,-0.28,2.14,-3.78,-2.50,483,350,209,251,423
-0.18,-0.93,-0.28,1.40,-3.48,-2.20,481,354,209,253,425
-0.18,-0.92,-0.28,2.14,-4.39,-2.50,479,343,203,249,427
-0.17,-0.92,-0.28,1.89,-4.27,-2.14,485,368,213,250,426
-0.18,-0.93,-0.28,2.08,-3.91,-2.69,482,354,210,248,425
-0.19,-0.91,-0.29,3.60,-4.39,-4.09,490,351,201,247,424
-0.20,-0.93,-0.27,1.95,-3.91,-2.81,482,355,209,247,425
-0.19,-0.92,-0.28,1.34,-3.42,-2.62,485,352,217,252,426
-0.19,-0.93,-0.27,0.49,-3.36,-2.38,485,347,206,242,425
-0.19,-0.92,-0.29,-0.43,-2.75,-2.56,484,351,220,247,425
-0.19,-0.93,-0.30,2.01,-3.11,-2.99,480,353,213,245,428
-0.20,-0.92,-0.30,1.28,-3.72,-3.42,477,348,209,256,421
-0.19,-0.92,-0.31,-0.18,-3.91,-3.30,486,349,208,248,427
-0.19,-0.92,-0.31,1.46,-5.68,-2.93,486,351,208,242,429
-0.18,-0.92,-0.32,2.93,-4.70,-3.30,485,352,214,249,433
-0.20,-0.92,-0.30,1.77,-4.46,-2.81,479,352,214,252,425
-0.19,-0.92,-0.31,1.71,-3.60,-3.23,486,355,208,248,428
-0.19,-0.91,-0.31,1.65,-3.42,-2.62,485,350,207,253,427
-0.19,-0.91,-0.31,2.32,-4.27,-2.81,478,351,210,252,425
-0.18,-0.91,-0.33,0.67,-3.60,-3.48,484,352,213,251,425
-0.18,-0.92,-0.31,1.16,-4.70,-2.50,484,347,212,251,430
-0.18,-0.92,-0.32,3.11,-3.66,-1.83,482,353,211,258,429
-0.19,-0.88,-0.32,2.14,-3.97,-2.26,483,355,209,249,423
-0.19,-0.91,-0.32,2.08,-4.52,-2.32,484,355,201,249,424
-0.19,-0.91,-0.32,6.77,-3.60,-4.21,485,353,209,250,434
-0.19,-0.91,-0.34,2.08,-4.88,-2.69,481,365,202,250,423
-0.19,-0.91,-0.33,2.75,-3.60,-2.50,483,355,215,244,433
-0.18,-0.92,-0.32,2.01,-3.48,-2.75,484,355,216,256,428
-0.20,-0.91,-0.32,1.53,-2.62,-2.99,485,356,211,251,426
-0.17,-0.90,-0.33,0.79,-3.66,-2.93,485,357,213,258,420
-0.19,-0.91,-0.33,2.26,-4.46,-3.72,481,357,219,250,425
-0.19,-0.91,-0.33,2.38,-3.23,-2.44,482,359,216,244,431
-0.19,-0.90,-0.34,2.20,-3.54,-2.38,515,362,210,247,425
-0.20,-0.91,-0.33,2.08,-3.30,-2.62,487,362,212,257,424
-0.18,-0.90,-0.35,1.10,-4.21,-3.54,483,360,216,251,425
-0.16,-0.90,-0.35,-3.91,-3.48,-3.54,491,357,208,257,430
-0.19,-0.90,-0.36,2.99,-1.77,-2.32,484,363,213,254,426
-0.20,-0.90,-0.35,2.44,-4.76,-2.56,483,359,213,256,425
-0.20,-0.91,-0.35,1.40,-2.38,-2.44,482,355,211,260,431
-0.19,-0.90,-0.36,1.28,-4.27,-2.81,481,358,211,255,427
-0.19,-0.89,-0.37,2.62,-2.75,-3.05,481,360,210,246,425
-0.19,-0.89,-0.36,2.14,-4.39,-3.23,483,356,210,252,428
-0.20,-0.90,-0.36,3.17,-6.53,-5.00,483,360,210,235,427
-0.15,-0.88,-0.37,0.73,0.79,-3.72,480,355,220,261,426
-0.24,-0.93,-0.28,0.55,-4.70,-4.64,482,360,211,257,431
-0.20,-0.88,-0.37,-0.06,-1.83,-2.81,480,363,217,251,431
-0.20,-0.89,-0.37,1.28,-2.20,-2.44,483,356,214,251,427
-0.19,-0.89,-0.40,0.98,-2.75,-2.87,485,360,201,257,426
-0.21,-0.88,-0.38,0.55,-2.93,-2.26,495,358,216,253,427
-0.21,-0.89,-0.39,1.83,-2.38,-2.44,484,364,212,259,432
-0.19,-0.89,-0.38,3.17,-2.93,-5.92,481,358,213,257,426
-0.19,-0.88,-0.39,2.20,-5.19,-1.77,485,363,216,257,428
-0.20,-0.89,-0.38,1.77,-5.25,-2.81,486,359,211,253,430
-0.19,-0.88,-0.40,2.56,-4.09,-2.62,482,360,215,260,427
-0.20,-0.89,-0.38,2.99,-3.60,-2.69,489,362,215,251,432
-0.20,-0.89,-0.39,0.24,-3.85,-3.48,486,359,211,256,425
-0.20,-0.87,-0.39,5.19,2.20,1.22,481,356,219,241,430
-0.21,-0.88,-0.39,2.14,1.34,0.61,477,355,213,251,424
-0.22,-0.88,-0.39,1.40,-2.26,-2.01,482,360,211,258,429
-0.23,-0.88,-0.37,3.54,-1.22,-1.53,478,364,220,256,427
-0.21,-0.88,-0.39,2.01,-5.00,-4.09,483,364,213,258,428
-0.23,-0.89,-0.37,0.67,-3.11,-2.38,485,356,212,258,428
-0.22,-0.87,-0.38,3.91,-4.76,-1.95,482,364,217,256,431
-0.23,-0.88,-0.38,3.54,-3.85,-1.77,485,362,216,255,428
-0.23,-0.89,-0.37,0.61,-2.20,-2.26,483,361,211,259,430
-0.23,-0.87,-0.38,3.05,-3.97,-2.20,482,364,215,251,428
-0.24,-0.88,-0.37,2.50,-2.87,-2.14,486,363,215,257,427
-0.23,-0.88,-0.38,2.14,-4.21,-2.87,486,362,214,260,431
-0.23,-0.89,-0.38,0.79,-4.15,-3.05,481,364,213,258,429
-0.23,-0.87,-0.38,1.83,-3.66,-3.48,483,364,211,255,425
-0.23,-0.88,-0.37,2.20,-4.09,-3.30,484,361,214,262,433
-0.23,-0.88,-0.38,3.36,-3.72,-2.20,483,363,213,254,427
-0.23,-0.88,-0.38,2.08,-2.99,-2.32,481,363,217,250,429
-0.23,-0.89,-0.38,1.46,-3.36,-2.75,486,360,218,260,429
-0.23,-0.88,-0.38,2.32,-3.48,-2.44,494,363,218,257,432
-0.23,-0.88,-0.38,1.53,-3.60,-3.11,480,372,218,259,426
-0.23,-0.88,-0.38,0.67,-3.72,-2.99,488,361,211,258,431
-0.23,-0.88,-0.38,2.32,-3.97,-2.56,484,368,217,266,428
-0.23,-0.88,-0.39,1.04,-3.23,-2.93,478,361,213,246,428
-0.23,-0.87,-0.39,2.44,-3.48,-2.50,482,361,211,263,431
-0.23,-0.88,-0.38,1.71,-4.70,-3.72,482,361,213,262,424
-0.23,-0.88,-0.38,1.46,-3.97,-2.56,483,361,216,249,433
-0.22,-0.89,-0.39,-0.98,-3.17,-4.09,486,359,220,259,431
-0.22,-0.88,-0.39,2.14,-3.48,-2.81,484,354,216,265,431
-0.23,-0.88,-0.40,2.87,-4.52,-2.87,489,361,211,261,431
-0.22,-0.88,-0.39,2.01,-3.17,-2.56,488,362,214,258,431
-0.22,-0.87,-0.39,2.32,-2.26,-1.65,490,376,213,253,428
-0.23,-0.87,-0.39,0.79,-3.23,-2.81,484,362,216,262,435
-0.22,-0.87,-0.40,2.38,-4.03,-2.44,479,363,210,265,433
-0.22,-0.87,-0.40,2.62,-3.42,-2.56,487,361,213,256,430
-0.23,-0.87,-0.39,2.32,-3.66,-3.30,484,365,216,262,430
-0.22,-0.87,-0.39,2.50,-3.78,-1.71,488,359,212,265,429
-0.23,-0.87,-0.39,1.65,-3.97,-2.69,479,361,218,262,428
-0.22,-0.87,-0.40,2.62,-2.81,-2.01,480,362,211,254,424
-0.23,-0.87,-0.40,1.89,-4.39,-3.54,484,358,213,257,428
-0.23,-0.87,-0.41,1.89,-3.72,-3.48,511,365,210,268,432
-0.24,-0.87,-0.39,3.17,-4.94,-1.83,485,363,210,266,425
-0.24,-0.87,-0.40,0.85,-3.66,-3.11,482,363,212,254,431
-0.22,-0.87,-0.40,1.89,-3.66,-3.30,479,366,214,262,430
-0.23,-0.87,-0.40,1.34,-3.54,-2.75,482,364,211,260,432
-0.23,-0.87,-0.41,2.56,-4.09,-3.11,485,360,215,267,430
-0.23,-0.87,-0.41,1.65,-3.54,-3.05,486,367,215,262,420
-0.23,-0.86,-0.41,1.83,-3.54,-2.38,484,362,216,249,434
-0.23,-0.87,-0.41,2.20,-4.15,-2.81,491,365,215,258,426
-0.23,-0.87,-0.41,1.46,-3.54,-3.30,485,363,214,263,426
-0.23,-0.87,-0.41,2.62,-3.85,-2.32,486,363,215,259,432
-0.23,-0.87,-0.41,2.08,-2.93,-2.93,481,366,216,258,431
-0.22,-0.86,-0.42,2.56,-2.62,-2.99,485,360,205,267,431
-0.22,-0.86,-0.42,2.08,-4.15,-3.23,478,367,213,250,430
-0.23,-0.87,-0.41,1.16,-3.48,-2.56,484,368,213,261,431
-0.22,-0.85,-0.42,7.32,-5.74,-2.32,501,361,215,256,434
-0.21,-0.86,-0.41,2.38,-3.91,-3.30,480,366,219,257,425
-0.23,-0.86,-0.41,3.17,-3.48,-1.77,482,362,218,262,426
-0.22,-0.87,-0.42,1.77,-2.99,-2.75,483,363,206,252,433
-0.22,-0.86,-0.42,1.40,-2.75,-2.50,485,361,214,252,429
-0.22,-0.87,-0.42,2.20,-3.42,-2.62,482,363,211,263,431
-0.23,-0.86,-0.41,1.83,-3.11,-2.20,486,354,217,260,428
-0.22,-0.86,-0.43,3.36,-3.78,-2.87,480,362,212,258,429
-0.22,-0.87,-0.42,1.10,-2.81,-2.50,487,362,218,268,431
-0.23,-0.86,-0.42,2.81,-3.36,-1.89,475,365,212,262,423
-0.23,-0.86,-0.42,1.34,-3.60,-2.99,479,364,211,255,428
-0.24,-0.86,-0.41,1.22,-2.75,-2.32,484,360,215,258,422
-0.23,-0.86,-0.42,2.38,-3.72,-2.69,483,365,214,267,428
-0.24,-0.86,-0.41,2.93,-4.09,-2.26,485,364,211,244,425
-0.23,-0.85,-0.42,2.81,-3.23,-2.99,482,359,218,250,430
-0.24,-0.86,-0.42,1.77,-3.72,-3.23,486,362,219,269,427
-0.23,-0.87,-0.42,2.69,-2.75,-2.38,482,366,216,265,427
-0.23,-0.86,-0.42,2.08,-3.85,-3.23,483,361,220,255,425
-0.24,-0.86,-0.41,1.34,-3.54,-2.56,484,362,219,260,446
-0.23,-0.86,-0.41,1.89,-3.60,-2.87,488,370,215,266,430
-0.24,-0.86,-0.41,2.08,-3.91,-2.56,480,361,211,264,424
-0.24,-0.88,-0.41,0.85,-4.27,-2.81,486,359,216,265,424
-0.24,-0.86,-0.41,2.44,-3.36,-2.38,485,361,217,264,428
-0.23,-0.87,-0.41,0.98,-3.60,-2.50,485,361,215,267,427
-0.24,-0.85,-0.42,4.09,-4.46,-2.14,483,364,218,266,425
-0.23,-0.87,-0.41,1.28,-3.60,-2.93,484,361,228,271,430
-0.23,-0.86,-0.42,1.89,-3.42,-2.75,487,362,215,268,426
-0.23,-0.86,-0.42,1.04,-3.85,-3.17,483,363,219,265,429
-0.23,-0.86,-0.42,2.20,-3.97,-2.93,483,366,217,260,434
-0.24,-0.86,-0.42,1.28,-3.60,-2.81,489,362,214,252,426
-0.24,-0.86,-0.42,1.65,-3.36,-2.38,483,362,231,268,431
-0.24,-0.87,-0.42,1.95,-3.97,-2.69,486,364,214,265,433
-0.24,-0.85,-0.42,3.11,-3.72,-3.05,485,364,206,267,429
-0.23,-0.86,-0.42,1.40,-3.54,-2.69,485,366,213,264,427
-0.23,-0.86,-0.42,1.65,-3.72,-3.17,477,370,213,268,435
-0.23,-0.86,-0.42,2.26,-3.60,-2.87,483,363,216,263,435
-0.23,-0.86,-0.41,2.93,-3.05,-2.26,485,366,215,267,431
-0.23,-0.86,-0.41,2.38,-3.36,-2.99,486,363,215,272,434
-0.23,-0.86,-0.42,2.01,-3.97,-2.50,485,356,214,264,428
-0.23,-0.87,-0.41,2.26,-4.58,-3.05,483,367,219,270,432
-0.23,-0.85,-0.42,3.30,-2.44,-1.77,484,361,214,269,430
-0.25,-0.87,-0.42,2.69,-3.78,-2.32,487,369,201,260,432
-0.24,-0.86,-0.42,-0.79,-3.48,-2.62,486,364,215,267,430
-0.24,-0.86,-0.42,1.34,-3.91,-3.11,485,358,217,266,423
-0.23,-0.85,-0.42,2.44,-3.60,-2.75,484,371,218,269,430
-0.22,-0.86,-0.42,2.26,-3.11,-2.62,479,366,214,263,436
-0.23,-0.85,-0.42,1.46,-3.91,-2.87,484,366,214,258,430
-0.24,-0.86,-0.42,1.59,-3.23,-2.93,487,365,213,267,433
-0.24,-0.86,-0.41,1.53,-3.60,-3.05,486,370,218,264,429
-0.23,-0.86,-0.42,2.81,-3.66,-2.87,486,360,215,260,431
-0.23,-0.86,-0.42,1.40,-3.17,-3.42,488,369,217,265,433
-0.24,-0.86,-0.42,1.16,-4.21,-2.93,486,365,215,262,431
-0.23,-0.86,-0.42,2.56,-3.78,-2.56,484,369,212,257,437
-0.24,-0.86,-0.42,2.44,-2.87,-1.59,483,369,213,264,438
-0.24,-0.86,-0.42,3.54,-3.36,-2.14,513,352,216,265,439
-0.24,-0.86,-0.41,1.53,-3.85,-2.50,479,367,217,267,432
-0.22,-0.85,-0.42,0.79,-4.03,-3.36,484,369,215,263,435
-0.25,-0.87,-0.41,1.59,-4.21,-2.81,488,369,218,263,430
-0.24,-0.86,-0.42,2.26,-3.42,-2.81,484,360,216,264,433
-0.23,-0.86,-0.42,2.50,-3.36,-2.99,488,367,211,261,437
-0.24,-0.86,-0.41,1.34,-3.85,-2.44,487,367,215,256,434
-0.24,-0.86,-0.41,1.89,-3.60,-2.50,481,366,214,265,435
-0.24,-0.86,-0.42,2.87,-3.05,-2.44,484,367,216,266,438
-0.24,-0.86,-0.42,2.75,-4.03,-2.81,487,366,213,262,428
-0.23,-0.86,-0.42,0.85,-3.05,-2.32,494,367,215,266,437
-0.24,-0.86,-0.41,2.01,-3.60,-2.56,487,366,215,262,437
-0.25,-0.86,-0.41,2.32,-3.85,-2.44,482,368,216,249,437
-0.24,-0.86,-0.41,2.14,-3.54,-3.36,485,370,215,253,436
-0.23,-0.87,-0.41,1.65,-3.60,-2.87,485,368,210,257,436
-0.25,-0.86,-0.41,1.89,-3.54,-2.20,489,364,212,268,435
-0.25,-0.86,-0.42,1.53,-3.78,-2.75,485,362,216,273,436
-0.23,-0.86,-0.42,2.62,-3.30,-3.11,485,365,214,267,436
-0.25,-0.86,-0.41,2.26,-3.85,-2.56,485,369,213,266,435
-0.25,-0.86,-0.41,1.95,-3.48,-2.93,486,368,212,268,426
-0.24,-0.87,-0.41,2.56,-4.03,-3.11,488,366,219,260,429
-0.24,-0.86,-0.42,1.40,-3.05,-3.11,486,366,214,265,437
-0.23,-0.86,-0.41,2.14,-3.97,-2.50,524,370,219,261,433
-0.24,-0.86,-0.41,2.69,-3.78,-2.69,486,369,212,251,435
-0.25,-0.86,-0.41,1.04,-2.62,-2.75,478,370,213,266,432
-0.24,-0.86,-0.41,2.14,-4.15,-2.81,487,370,214,261,437
-0.25,-0.86,-0.41,1.04,-4.58,-2.69,488,370,221,262,438
-0.25,-0.86,-0.41,1.65,-3.42,-3.60,487,372,216,266,432
-0.23,-0.86,-0.42,2.08,-4.09,-2.62,486,367,214,276,433
-0.24,-0.86,-0.41,3.11,-3.23,-2.69,486,368,212,266,431
-0.31,-0.88,-0.40,-3.72,3.60,-3.78,483,368,220,270,429
-0.24,-0.85,-0.41,1.71,-3.60,-2.99,481,365,215,266,436
-0.25,-0.86,-0.42,2.08,-3.36,-2.44,487,365,214,263,434
-0.24,-0.86,-0.42,0.61,-3.11,-3.23,482,362,215,270,430
-0.25,-0.86,-0.42,2.93,-3.54,-2.08,483,360,219,269,434
-0.25,-0.86,-0.43,1.53,-3.23,-2.99,478,367,215,266,429
-0.25,-0.86,-0.42,1.34,-3.48,-3.11,484,371,217,271,436
-0.24,-0.85,-0.43,1.34,-3.42,-2.50,487,368,212,272,425
-0.25,-0.86,-0.42,2.32,-3.23,-2.69,487,370,213,267,434
-0.24,-0.86,-0.42,1.89,-3.54,-2.75,514,370,237,266,431
-0.24,-0.85,-0.42,3.17,-3.60,-2.08,486,370,213,265,437
-0.24,-0.86,-0.42,0.85,-3.66,-2.93,483,359,212,265,433
-0.24,-0.85,-0.43,2.87,-3.66,-2.62,487,373,210,263,437
-0.25,-0.85,-0.43,1.59,-3.48,-2.62,485,368,218,267,431
-0.24,-0.85,-0.43,1.22,-3.66,-3.30,485,369,215,268,436
-0.25,-0.86,-0.43,2.14,-3.72,-2.50,478,368,218,274,434
-0.25,-0.85,-0.43,1.77,-3.36,-2.14,488,369,214,270,434
-0.20,-0.84,-0.44,-0.12,-4.03,-5.98,485,372,216,272,432
-0.12,-0.89,-0.41,8.91,-6.47,-8.85,481,369,217,272,434
-0.20,-0.88,-0.41,1.95,-5.74,-4.33,485,368,216,269,439
-0.20,-0.88,-0.41,3.36,-4.09,-2.87,480,370,213,262,436
-0.21,-0.88,-0.40,0.67,-4.46,-1.95,484,372,222,274,445
-0.21,-0.89,-0.37,3.11,-0.37,-3.48,486,376,218,263,431
-0.18,-0.92,-0.39,-1.34,-5.31,0.85,486,379,214,266,439
-0.23,-0.88,-0.38,-1.59,0.00,-2.44,485,369,214,251,433
-0.20,-0.86,-0.43,0.67,1.22,-4.03,488,370,210,265,438
-0.22,-0.86,-0.44,-1.53,-3.42,-4.21,483,367,211,265,432
-0.21,-0.85,-0.44,3.72,-3.78,-1.34,488,367,225,268,436
-0.23,-0.85,-0.45,0.37,-3.54,-3.54,487,367,223,269,434
-0.22,-0.85,-0.45,3.23,-3.72,-3.11,488,369,215,271,434
-0.22,-0.85,-0.45,1.16,-3.72,-2.99,487,374,213,266,436
-0.22,-0.86,-0.45,1.89,-4.03,-2.56,487,375,215,271,437
-0.22,-0.85,-0.45,2.44,-3.72,-2.38,485,371,214,267,434
-0.22,-0.85,-0.44,0.98,-2.99,-2.93,487,369,217,268,439
-0.21,-0.85,-0.44,2.20,-3.60,-2.50,488,375,216,275,436
-0.23,-0.86,-0.44,4.21,-5.55,-2.20,478,373,230,267,434
-0.22,-0.85,-0.45,2.81,-3.05,-1.34,488,372,213,266,437
-0.24,-0.86,-0.44,2.62,0.00,-0.79,485,366,212,270,437
-0.22,-0.87,-0.41,2.44,-2.50,-1.22,482,368,212,266,443
-0.23,-0.86,-0.41,2.26,-4.46,-2.87,484,366,215,274,435
-0.23,-0.86,-0.42,1.77,-4.15,-3.42,484,370,212,269,439
-0.24,-0.86,-0.42,3.17,-3.78,-1.83,490,363,214,267,435
-0.24,-0.87,-0.40,1.46,-11.78,-2.62,487,373,214,266,434
-0.23,-0.86,-0.40,3.91,-6.53,-3.11,487,369,216,270,438
-0.27,-0.87,-0.36,2.01,-7.08,-2.01,495,371,215,268,441
-0.30,-0.86,-0.38,0.43,-7.26,-2.01,483,371,221,267,439
-0.28,-0.87,-0.36,3.36,-3.42,-2.69,487,363,216,272,440
-0.31,-0.88,-0.35,2.50,-3.66,-2.01,487,378,215,265,438
-0.30,-0.87,-0.35,0.24,-2.69,-3.11,481,369,215,280,441
-0.27,-0.87,-0.36,1.46,-2.93,-3.66,485,368,220,268,435
-0.30,-0.88,-0.34,1.77,-4.09,-3.05,486,370,214,269,442
-0.30,-0.87,-0.34,3.30,-4.33,-0.73,484,370,221,273,435
-0.28,-0.88,-0.34,2.20,-1.10,-2.50,487,370,221,252,439
-0.28,-0.88,-0.34,0.06,-0.85,-4.46,484,372,215,291,433
-0.29,-0.88,-0.35,1.28,-3.11,-3.36,483,368,214,263,442
-0.28,-0.88,-0.36,1.89,-3.17,-2.08,491,358,217,267,440
-0.27,-0.88,-0.36,3.66,-1.77,-2.38,485,374,219,262,440
-0.28,-0.87,-0.36,2.20,1.77,0.61,487,368,216,263,444
-0.30,-0.88,-0.36,6.59,-4.39,-7.14,484,373,217,278,436
-0.27,-0.90,-0.34,0.98,-3.11,-3.97,490,370,213,271,437
-0.25,-0.90,-0.31,2.38,-3.05,-2.69,477,361,213,267,443
-0.25,-0.90,-0.31,1.53,-4.64,-2.44,480,368,214,266,431
-0.22,-0.90,-0.31,-1.77,-4.82,-0.92,486,362,219,278,441
-0.23,-0.90,-0.31,1.34,-3.60,-3.42,472,359,214,264,440
-0.25,-0.90,-0.32,2.50,-4.39,-2.38,487,360,218,270,441
-0.25,-0.89,-0.33,1.83,-2.75,-2.38,491,360,208,269,438
-0.24,-0.90,-0.32,1.46,-3.91,-2.44,487,364,215,269,441
-0.26,-0.89,-0.32,2.56,-3.30,-2.50,485,365,218,266,441
-0.25,-0.89,-0.33,2.32,-3.72,-2.50,487,355,223,280,439
-0.25,-0.89,-0.33,1.28,-3.42,-2.81,483,362,217,271,441
-0.25,-0.90,-0.32,2.08,-3.36,-2.50,485,366,215,257,440
-0.25,-0.89,-0.33,1.65,-3.85,-3.60,484,362,229,269,439
-0.24,-0.90,-0.33,2.50,-3.36,-2.62,483,362,209,262,443
-0.24,-0.90,-0.33,1.34,-2.69,-3.05,496,360,230,273,441
-0.24,-0.90,-0.33,2.08,-3.17,-2.56,485,363,212,266,438
-0.24,-0.91,-0.34,0.73,-2.56,-2.50,495,367,216,270,439
-0.24,-0.89,-0.34,1.40,-3.05,-2.99,481,357,215,275,439
-0.24,-0.89,-0.35,1.83,-4.39,-3.05,487,366,217,267,440
-0.24,-0.89,-0.35,1.22,-3.91,-2.93,488,363,216,268,444
-0.23,-0.89,-0.36,0.61,-4.82,-3.42,487,365,221,267,442
-0.24,-0.88,-0.36,2.93,-3.85,-2.26,489,367,210,271,442
-0.24,-0.88,-0.36,1.59,-4.03,-2.81,486,372,224,270,441
-0.24,-0.89,-0.36,2.38,-3.17,-2.69,492,361,207,274,443
-0.24,-0.88,-0.36,1.59,-3.48,-2.62,487,360,219,269,442
-0.24,-0.89,-0.35,1.22,-1.95,-2.81,478,364,206,267,442
-0.23,-0.87,-0.38,1.40,-3.17,-3.97,479,363,220,271,444
-0.22,-0.89,-0.37,1.89,-3.66,-2.93,483,385,218,269,445
-0.23,-0.89,-0.37,3.42,-3.78,-1.95,486,378,219,275,441
-0.23,-0.89,-0.37,1.34,-4.03,-3.23,486,367,219,266,440
-0.21,-0.88,-0.38,1.28,-4.21,-2.50,487,366,215,270,440
-0.22,-0.89,-0.37,2.38,-3.72,-2.44,486,366,217,273,442
-0.23,-0.89,-0.36,1.83,-3.85,-2.56,488,365,212,274,440
-0.23,-0.88,-0.38,2.20,-3.36,-2.93,486,366,219,253,441
-0.23,-0.88,-0.37,2.75,-3.54,-2.38,483,364,212,267,443
-0.23,-0.89,-0.38,2.26,-2.20,-2.99,479,356,219,268,441
-0.22,-0.88,-0.38,2.69,-4.21,-2.20,483,371,217,260,441
-0.22,-0.89,-0.38,1.46,-4.03,-2.44,503,365,220,268,447
-0.23,-0.88,-0.38,1.71,-3.42,-2.38,477,370,219,272,444
-0.23,-0.88,-0.37,3.17,-4.82,-2.01,488,367,214,289,441
-0.24,-0.88,-0.37,2.69,-4.21,-2.01,484,359,218,276,445
-0.23,-0.88,-0.37,1.83,-3.85,-2.75,492,370,214,261,445
-0.24,-0.89,-0.38,2.75,-4.52,-3.30,485,364,215,273,441
-0.22,-0.88,-0.37,2.32,-3.54,-2.99,484,363,216,269,444
-0.24,-0.87,-0.38,3.42,-3.17,-1.40,483,379,220,273,439
-0.23,-0.88,-0.38,2.08,-3.42,-3.36,483,362,216,271,444
-0.23,-0.88,-0.37,1.95,-4.03,-3.05,485,368,219,267,442
-0.24,-0.88,-0.37,2.01,-2.01,-2.62,484,365,222,270,446
-0.22,-0.88,-0.38,2.08,-2.69,-3.17,485,368,214,273,442
-0.22,-0.87,-0.39,2.81,-4.15,-2.81,486,369,219,271,442
-0.22,-0.87,-0.38,2.81,-3.17,-2.62,485,372,218,261,445
-0.23,-0.88,-0.38,1.65,-3.66,-2.69,490,368,218,269,444
-0.23,-0.88,-0.38,4.39,-2.93,-2.44,480,375,218,277,444
-0.23,-0.88,-0.38,2.50,-4.70,-2.62,483,367,219,274,441
-0.23,-0.87,-0.38,2.38,-3.36,-2.69,487,366,215,268,441
-0.21,-0.88,-0.38,2.20,-3.48,-2.99,485,368,214,278,448
-0.24,-0.89,-0.37,1.89,-3.42,-2.08,486,368,216,272,445
-0.23,-0.88,-0.38,1.22,-3.05,-3.05,486,366,219,272,444
-0.23,-0.88,-0.38,1.71,-3.36,-2.01,487,370,215,268,443
-0.23,-0.88,-0.37,2.87,-3.54,-1.95,487,367,217,274,445
-0.24,-0.89,-0.36,1.83,-3.48,-2.50,487,369,217,280,459
-0.24,-0.89,-0.37,1.77,-3.60,-3.30,485,366,218,271,448
-0.24,-0.88,-0.38,2.50,-3.11,-2.87,486,371,221,272,443
-0.24,-0.88,-0.37,1.89,-3.36,-2.32,486,362,217,270,444
-0.24,-0.88,-0.37,1.65,-3.30,-1.89,484,368,220,269,445
-0.23,-0.88,-0.37,2.26,-4.03,-2.50,479,365,219,269,441
-0.24,-0.88,-0.37,1.16,-3.60,-2.62,490,365,217,269,445
-0.24,-0.87,-0.37,3.23,-3.05,-2.62,496,369,215,270,446
-0.24,-0.89,-0.37,0.79,-3.66,-2.93,484,356,215,276,443
-0.24,-0.88,-0.38,2.14,-3.72,-2.69,486,365,215,296,440
-0.25,-0.88,-0.37,2.08,-3.42,-2.75,486,369,218,271,444
-0.25,-0.88,-0.37,1.34,-3.23,-2.69,482,372,216,261,442
-0.24,-0.88,-0.37,1.71,-3.48,-2.38,486,368,220,274,444
-0.24,-0.88,-0.37,2.93,-3.72,-2.81,487,368,214,277,446
-0.23,-0.88,-0.37,2.32,-3.60,-2.81,486,379,219,271,445
-0.24,-0.88,-0.37,2.26,-3.72,-2.69,474,365,218,269,447
-0.24,-0.88,-0.38,1.59,-4.21,-2.75,485,372,214,274,437
-0.25,-0.88,-0.37,1.83,-2.99,-2.99,485,368,225,269,445
-0.24,-0.88,-0.37,2.01,-3.66,-2.56,489,364,219,268,448
-0.24,-0.88,-0.37,1.34,-3.36,-2.87,481,366,217,274,444
-0.23,-0.88,-0.37,1.16,-2.87,-2.62,486,369,219,267,446
-0.25,-0.88,-0.37,1.71,-2.32,-1.71,486,368,216,274,445
-0.25,-0.88,-0.37,2.56,-3.60,-2.20,481,367,209,266,444
-0.24,-0.88,-0.37,1.40,-3.91,-2.75,520,365,213,278,447
-0.25,-0.88,-0.37,2.81,-4.46,-2.56,486,370,215,269,441
-0.25,-0.88,-0.36,0.98,-3.05,-2.81,485,365,217,273,447
-0.26,-0.88,-0.37,2.32,-3.30,-2.87,487,368,219,269,440
-0.24,-0.87,-0.38,-0.98,-1.46,-3.60,488,368,218,279,450
-0.24,-0.88,-0.38,3.11,-3.66,-2.38,475,371,215,273,445
-0.24,-0.87,-0.38,1.71,-3.54,-3.11,484,365,216,273,442
-0.23,-0.87,-0.38,0.55,-3.54,-3.05,486,367,213,269,443
-0.24,-0.88,-0.38,1.95,-4.27,-3.17,489,373,217,268,445
-0.25,-0.88,-0.37,2.20,-3.91,-2.38,475,370,214,273,434
-0.24,-0.87,-0.38,2.38,-4.03,-3.05,488,364,214,270,443
-0.25,-0.87,-0.37,2.50,-3.72,-2.32,471,370,215,279,442
-0.24,-0.87,-0.38,2.08,-4.46,-2.81,489,372,219,277,442
-0.25,-0.88,-0.37,1.22,-1.53,-2.26,485,372,218,277,442
-0.24,-0.88,-0.36,2.20,-4.58,-3.36,485,369,218,274,439
-0.25,-0.88,-0.37,1.28,-3.48,-2.81,486,383,207,274,450
-0.24,-0.88,-0.38,1.65,-4.09,-2.99,478,370,215,273,445
-0.25,-0.88,-0.37,2.26,-3.97,-2.75,484,371,222,272,443
-0.25,-0.88,-0.37,1.89,-3.85,-2.62,486,370,219,276,445
-0.25,-0.88,-0.36,1.28,-3.54,-2.69,477,376,206,272,448
-0.25,-0.87,-0.37,2.01,-3.54,-2.38,484,372,214,276,443
-0.25,-0.88,-0.37,1.65,-3.48,-2.93,487,371,216,277,447
-0.25,-0.88,-0.37,3.05,-3.54,-2.32,481,365,210,279,437
-0.25,-0.88,-0.37,1.59,-3.36,-3.05,487,374,219,282,447
-0.25,-0.88,-0.37,2.69,-4.39,-2.01,486,370,218,272,445
-0.25,-0.88,-0.37,1.83,-2.87,-2.93,483,373,216,278,450
-0.24,-0.88,-0.37,2.87,-3.97,-2.44,484,380,214,276,449
-0.25,-0.88,-0.38,1.04,-5.07,-2.38,483,370,218,276,450
-0.26,-0.89,-0.36,2.62,-2.14,-2.26,482,372,208,277,445
-0.25,-0.87,-0.38,2.38,-4.27,-3.05,485,377,209,277,444
-0.25,-0.88,-0.36,2.20,-3.54,-3.85,485,372,216,275,445
-0.25,-0.88,-0.35,2.01,-2.75,-2.87,487,372,216,287,440
-0.24,-0.88,-0.38,2.14,-2.62,-2.32,486,372,216,279,443
-0.24,-0.90,-0.33,0.73,-3.11,-2.93,489,372,218,276,449
-0.27,-0.89,-0.35,2.93,-3.17,-0.98,484,366,215,274,448
-0.25,-0.88,-0.36,2.44,-3.91,-1.83,486,366,214,273,450
-0.25,-0.88,-0.36,1.89,-3.66,-2.44,484,373,225,277,447
-0.24,-0.89,-0.34,0.85,-1.59,-2.38,488,374,214,274,438
-0.26,-0.88,-0.36,-1.10,-3.42,-4.03,485,377,218,277,449
-0.22,-0.87,-0.37,1.59,-3.66,-1.95,486,370,214,278,449
-0.24,-0.89,-0.34,1.71,-3.66,-2.20,482,371,219,275,449
-0.26,-0.88,-0.34,2.56,-3.42,-2.44,486,368,218,260,443
-0.25,-0.88,-0.35,1.40,-3.17,-3.23,486,374,229,282,449
-0.27,-0.89,-0.34,2.99,-4.52,-2.56,487,376,216,275,446
-0.25,-0.89,-0.34,-0.55,-2.38,-3.72,480,370,222,274,445
-0.27,-0.89,-0.34,0.73,-3.17,-3.30,487,369,215,282,445
-0.26,-0.88,-0.35,1.77,-3.72,-3.11,488,370,218,295,459
-0.25,-0.88,-0.35,2.56,-3.17,-2.32,485,369,219,263,443
-0.26,-0.88,-0.35,0.61,-1.10,-2.56,485,364,216,266,445
-0.25,-0.88,-0.36,1.83,-4.88,-1.71,491,375,215,276,451
-0.27,-0.90,-0.33,-0.12,-5.00,-1.65,487,370,209,280,453
-0.25,-0.88,-0.34,2.38,-4.58,-2.62,482,377,215,276,450
-0.29,-0.88,-0.35,1.71,-1.95,-2.26,488,372,215,276,452
-0.27,-0.89,-0.34,4.52,-4.09,-4.03,485,376,216,282,456
-0.28,-0.86,-0.39,4.82,-3.66,-2.93,484,375,218,276,453
-0.26,-0.86,-0.38,1.04,-4.15,-2.87,488,375,212,276,453
-0.28,-0.86,-0.38,-0.37,-2.56,-2.93,478,373,215,279,455
-0.27,-0.86,-0.40,2.81,-3.91,-2.62,488,374,215,277,453
-0.26,-0.85,-0.39,1.10,-5.80,-1.65,479,379,216,281,454
-0.27,-0.87,-0.37,2.50,-3.85,-2.26,488,376,207,280,449
-0.28,-0.87,-0.36,3.66,-3.36,-1.65,486,375,221,272,451
-0.26,-0.86,-0.39,1.34,-3.36,-2.75,488,374,216,287,454
-0.30,-0.88,-0.36,2.44,-4.09,-2.20,483,372,215,280,452
-0.28,-0.88,-0.36,-0.49,-3.23,-2.93,485,370,226,285,448
-0.29,-0.87,-0.37,1.95,-3.66,-2.50,483,374,221,276,455
-0.29,-0.87,-0.36,1.46,-3.30,-2.56,484,367,222,278,453
-0.29,-0.88,-0.36,1.89,-2.99,-3.23,486,369,217,274,457
-0.29,-0.87,-0.36,4.52,-5.37,-1.71,487,374,219,281,452
-0.30,-0.86,-0.37,5.43,-2.26,1.53,487,370,209,275,452
-0.30,-0.86,-0.35,0.55,2.20,-3.05,483,374,216,283,448
-0.22,-0.87,-0.40,1.95,-3.11,-3.97,483,362,217,279,453
-0.21,-0.87,-0.40,2.75,-6.23,-1.95,483,363,218,273,450
-0.13,-0.85,-0.45,6.96,0.37,-3.42,484,371,217,279,453
-0.24,-0.89,-0.39,1.83,-0.06,-8.61,484,368,214,286,457
-0.12,-0.90,-0.36,6.16,-6.90,-1.83,488,371,221,277,457
-0.14,-0.91,-0.34,2.62,-7.39,-3.85,488,368,218,282,451
-0.19,-0.90,-0.36,0.31,-3.91,-3.85,490,369,217,283,454
-0.18,-0.90,-0.36,2.69,-3.97,-3.54,488,372,211,285,454
-0.18,-0.90,-0.36,2.32,-5.37,-2.93,475,372,216,288,457
-0.19,-0.90,-0.36,2.69,-5.31,-3.11,490,374,217,278,450
-0.17,-0.90,-0.36,2.44,-4.03,-3.48,488,364,216,276,454
-0.18,-0.90,-0.35,2.14,-4.03,-3.05,485,365,217,279,455
-0.17,-0.91,-0.34,2.08,-3.60,-2.81,488,373,218,285,450
-0.18,-0.89,-0.36,1.71,-3.23,-3.17,487,371,219,293,456
-0.19,-0.90,-0.35,2.14,-3.30,-2.69,486,367,219,275,453
-0.20,-0.90,-0.35,2.08,-2.99,-1.89,486,372,218,286,452
-0.19,-0.90,-0.36,1.77,-4.09,-2.26,491,374,216,275,454
-0.19,-0.90,-0.35,1.28,-3.05,-2.81,486,372,219,284,453
-0.19,-0.90,-0.35,1.89,-3.78,-2.99,486,373,222,289,454
-0.19,-0.90,-0.36,1.28,-3.30,-3.23,489,367,218,287,453
-0.18,-0.90,-0.36,2.38,-3.85,-2.87,486,377,216,285,453
-0.19,-0.90,-0.35,4.39,-4.03,-1.77,488,369,216,277,458
-0.19,-0.91,-0.33,0.55,-3.54,-2.87,488,374,218,284,448
-0.18,-0.90,-0.36,1.71,-3.42,-3.17,483,372,222,283,457
-0.18,-0.89,-0.35,2.32,-3.60,-3.60,499,369,219,290,457
-0.19,-0.91,-0.34,2.87,-2.69,-2.14,484,366,215,292,452
-0.17,-0.90,-0.35,0.12,-3.11,-2.87,493,370,210,286,450
-0.19,-0.91,-0.34,2.32,-4.58,-1.77,482,358,226,276,453
-0.19,-0.89,-0.36,2.69,-3.36,-2.62,487,371,216,280,454
-0.18,-0.89,-0.36,1.89,-2.26,-3.36,491,379,223,278,455
-0.18,-0.90,-0.37,3.23,-4.21,-2.20,489,369,207,275,456
-0.20,-0.91,-0.35,2.08,-4.03,-2.56,487,372,216,286,457
-0.18,-0.90,-0.37,0.31,-4.21,-2.44,491,370,219,284,452
-0.21,-0.91,-0.34,3.85,-4.46,-1.53,498,363,219,283,449
-0.19,-0.90,-0.35,3.85,-2.56,-3.78,487,367,213,285,453
-0.20,-0.90,-0.36,1.89,-4.46,-3.42,486,360,222,284,455
-0.19,-0.90,-0.36,1.34,-4.52,-3.54,489,368,215,281,448
-0.19,-0.91,-0.36,1.59,-4.15,-2.38,488,371,222,279,447
-0.19,-0.91,-0.35,2.50,-4.15,-2.50,486,369,219,282,451
-0.18,-0.89,-0.36,1.89,-4.39,-2.38,491,370,217,290,452
-0.19,-0.89,-0.36,2.32,-3.60,-2.81,487,367,216,287,455
-0.19,-0.90,-0.36,2.56,-4.15,-2.62,490,391,221,286,449
-0.20,-0.91,-0.34,2.26,-2.75,-1.71,490,370,220,281,455
-0.19,-0.90,-0.35,1.95,-3.36,-2.38,487,369,218,270,456
-0.19,-0.91,-0.34,1.83,-3.48,-2.50,488,370,216,284,453
-0.21,-0.90,-0.33,-5.62,7.93,-14.47,486,361,217,284,456
-0.16,-0.89,-0.40,-1.65,-3.97,-1.59,488,367,222,284,453
-0.16,-0.88,-0.43,1.89,-7.14,-5.49,483,371,220,284,456
-0.16,-0.89,-0.40,5.55,-4.15,-0.24,480,371,215,285,456
-0.17,-0.89,-0.38,2.01,-7.32,-2.14,489,372,216,271,453
-0.17,-0.88,-0.41,-2.62,-3.23,-3.85,486,369,217,284,455
-0.16,-0.89,-0.41,0.61,-5.25,-5.25,475,372,213,284,454
-0.16,-0.87,-0.44,0.55,-3.36,-0.43,490,364,218,289,453
-0.20,-0.89,-0.41,2.08,0.85,-0.43,491,360,218,285,455
-0.15,-0.87,-0.42,2.26,-2.01,-2.20,494,371,217,284,451
-0.19,-0.87,-0.41,2.87,-5.49,-2.69,480,370,217,287,455
-0.17,-0.87,-0.41,3.60,-5.98,-2.20,486,370,207,283,455
-0.17,-0.86,-0.43,4.27,-1.83,-0.79,482,374,211,287,451
-0.17,-0.90,-0.36,8.73,0.92,-4.33,484,369,218,280,445
-0.16,-0.90,-0.38,0.00,-5.07,-3.36,480,368,221,279,438
-0.20,-0.90,-0.35,2.20,-7.26,-4.58,483,366,216,274,440
-0.15,-0.88,-0.41,-2.26,-8.97,-7.02,484,361,220,278,445
-0.14,-0.88,-0.41,5.49,0.61,-2.01,479,369,219,275,444
-0.15,-0.90,-0.38,2.08,-2.81,-2.08,486,368,211,278,446
-0.13,-0.88,-0.40,4.82,-6.41,-1.04,487,372,217,282,450
-0.13,-0.89,-0.40,1.16,-4.76,-2.69,485,368,218,273,448
-0.14,-0.89,-0.40,-0.06,1.53,1.89,488,373,218,285,448
-0.11,-0.87,-0.42,8.67,-7.63,-0.06,485,370,231,283,448
-0.19,-0.91,-0.37,1.89,-3.60,-3.11,487,369,219,269,449
-0.16,-0.89,-0.39,0.98,-4.03,-2.81,485,371,216,276,439
-0.17,-0.89,-0.39,2.69,-3.17,-1.71,487,372,218,284,440
-0.19,-0.90,-0.37,6.23,-1.16,-5.37,487,370,220,274,448
-0.18,-0.89,-0.37,2.69,-3.48,-2.75,487,371,220,285,450
-0.19,-0.90,-0.36,1.65,-3.11,-3.23,487,371,218,278,451
-0.18,-0.90,-0.37,1.28,-3.23,-2.08,484,370,231,281,443
-0.19,-0.90,-0.37,1.59,-3.91,-3.17,485,371,207,282,449
-0.17,-0.89,-0.37,1.10,-5.07,-5.25,483,373,223,277,448
-0.18,-0.90,-0.36,1.59,-2.93,-2.81,484,375,218,291,445
-0.18,-0.90,-0.37,1.16,-3.48,-2.26,486,381,217,266,444
-0.17,-0.89,-0.38,1.22,-4.39,-3.42,485,374,218,280,455
-0.19,-0.89,-0.37,2.69,-4.39,-2.99,490,360,221,285,452
-0.19,-0.90,-0.37,1.16,-3.17,-3.36,489,374,217,284,442
-0.18,-0.88,-0.38,2.75,-3.66,-2.87,485,361,212,289,452
-0.18,-0.90,-0.38,1.53,-4.82,-2.69,497,372,219,289,454
-0.18,-0.89,-0.38,2.32,-4.58,-2.50,484,385,221,282,445
-0.18,-0.89,-0.38,1.40,-3.05,-3.48,479,386,217,284,454
-0.18,-0.89,-0.37,3.17,-4.27,-2.56,490,374,222,282,444
-0.20,-0.90,-0.37,2.14,-4.21,-1.53,485,372,222,284,445
-0.18,-0.89,-0.38,1.04,-3.36,-2.87,486,365,216,280,452
-0.18,-0.89,-0.37,1.53,-4.09,-2.87,487,371,217,286,456
-0.22,-0.88,-0.40,-2.38,-3.54,-5.19,483,369,217,283,454
-0.16,-0.87,-0.40,0.73,-8.97,-9.28,485,372,218,281,449
-0.16,-0.88,-0.40,4.88,-5.19,-2.50,486,375,223,286,448
-0.18,-0.89,-0.39,2.44,-3.85,-2.32,482,375,217,281,445
-0.17,-0.88,-0.40,1.10,-4.82,-2.44,489,375,219,277,448
-0.18,-0.88,-0.41,0.18,-4.82,-3.48,483,374,219,279,452
