0.91,-0.39,0.14,0.98,-1.53,-3.97,372,266,436,467,295
0.94,-0.40,0.16,10.19,7.87,1.34,372,267,435,464,294
0.95,-0.32,0.23,2.56,-1.95,-13.85,403,264,430,450,299
0.89,-0.34,0.25,3.17,-0.43,-3.72,424,258,433,447,300
0.91,-0.34,0.22,-0.85,-8.42,-2.69,423,260,431,446,299
0.91,-0.31,0.17,-0.73,-1.59,-2.99,450,266,429,461,302
0.90,-0.34,0.22,2.38,0.06,-5.07,423,267,431,459,297
0.92,-0.35,0.18,-1.83,-6.47,-0.79,418,265,434,456,299
0.89,-0.34,0.19,-3.54,-0.43,-7.26,420,266,435,457,302
0.99,-0.25,0.18,10.07,-10.74,7.26,414,263,436,457,300
0.87,-0.33,0.27,5.80,0.31,0.98,419,264,430,459,304
0.94,-0.33,0.20,-5.68,-8.67,2.01,418,263,435,458,303
0.95,-0.30,0.20,1.04,1.28,-4.27,414,262,433,454,302
0.97,-0.31,0.13,-0.18,-3.11,-5.31,415,259,431,463,314
0.97,-0.29,0.20,2.38,-2.81,-3.11,413,262,434,458,301
0.94,-0.32,0.14,-0.61,-4.64,-3.11,425,262,432,461,304
0.94,-0.32,0.15,3.48,-2.56,-1.22,414,260,433,460,303
0.93,-0.32,0.16,-0.06,-0.12,-4.88,421,261,432,463,304
0.95,-0.31,0.19,-0.31,-2.44,-3.72,410,263,432,457,305
0.94,-0.32,0.16,-1.34,-3.36,-2.56,412,265,435,460,305
0.94,-0.30,0.19,-0.31,-1.40,-4.46,413,263,431,464,301
0.91,-0.33,0.15,0.31,-2.26,-2.08,412,263,434,465,304
0.96,-0.33,0.20,2.81,-6.90,0.18,414,266,430,460,301
0.93,-0.33,0.16,-0.67,-3.72,-2.62,412,263,431,460,300
0.94,-0.32,0.16,0.43,-0.79,-3.78,416,263,432,461,305
0.94,-0.30,0.21,1.71,-2.81,-0.98,410,264,443,460,305
0.93,-0.33,0.18,-1.71,-3.42,-1.65,413,265,432,464,302
0.93,-0.32,0.18,-0.43,-1.71,-4.09,413,265,432,460,306
0.94,-0.32,0.19,0.06,-3.17,-2.56,432,265,428,460,302
0.93,-0.32,0.19,-0.43,-1.53,-3.85,414,267,433,461,306
0.94,-0.32,0.20,0.06,-3.60,-1.89,411,262,440,462,300
0.93,-0.32,0.18,0.55,-3.17,-2.93,408,270,431,462,304
0.94,-0.31,0.19,2.08,-2.75,-2.69,413,270,430,466,305
0.94,-0.31,0.19,0.00,-3.91,-2.69,407,268,431,462,304
0.93,-0.31,0.20,0.49,-2.99,-1.89,409,267,432,463,306
0.94,-0.32,0.19,0.00,-1.95,-2.26,411,263,429,467,301
0.94,-0.31,0.19,0.67,-1.65,-2.87,407,265,427,462,301
0.93,-0.32,0.19,0.61,-1.77,-3.11,409,266,433,464,303
0.92,-0.31,0.22,3.66,-2.81,-0.92,407,266,431,462,304
0.92,-0.32,0.19,-1.59,-0.67,-4.82,412,266,434,464,308
0.94,-0.30,0.23,1.95,0.31,-5.37,413,266,433,463,304
0.92,-0.32,0.20,-3.23,-4.39,-2.62,411,264,429,462,304
0.93,-0.34,0.25,-0.06,-4.82,-1.53,411,269,430,458,304
0.93,-0.33,0.15,-3.97,3.48,-7.20,414,266,429,466,305
0.94,-0.31,0.22,-3.72,0.43,0.61,413,266,431,460,307
0.95,-0.32,0.20,-1.83,-2.81,-4.27,412,279,429,463,302
0.93,-0.31,0.21,0.92,-3.05,-1.71,411,267,433,463,303
0.94,-0.30,0.21,-0.92,-4.39,-1.16,412,265,430,458,305
0.93,-0.34,0.20,0.00,-3.72,-1.10,411,270,427,462,305
0.93,-0.32,0.20,1.46,-0.73,-3.91,413,268,431,464,305
0.94,-0.32,0.19,-0.79,-2.93,-3.23,412,266,431,463,307
0.93,-0.32,0.20,3.17,-1.28,-1.59,413,270,429,458,302
0.94,-0.31,0.21,2.56,-3.66,-0.18,410,266,428,467,305
0.92,-0.35,0.20,1.34,-3.72,-1.77,411,268,429,461,305
0.91,-0.34,0.19,-1.04,-2.69,-2.20,412,268,427,464,306
0.93,-0.34,0.19,0.18,-1.83,-4.39,409,270,429,462,304
0.90,-0.36,0.22,-3.91,3.97,-2.38,410,267,429,466,304
0.91,-0.34,0.20,0.00,-2.20,-2.38,410,267,429,465,303
0.92,-0.34,0.21,1.59,-1.59,-2.87,408,268,430,457,298
0.91,-0.34,0.21,-0.31,-2.93,-3.66,410,269,431,464,310
0.93,-0.34,0.21,-1.10,-4.33,-2.14,410,266,430,465,307
0.95,-0.32,0.24,7.26,-0.92,-5.43,411,266,425,463,302
0.93,-0.33,0.23,2.20,-4.33,-0.98,408,270,425,467,302
0.92,-0.33,0.23,3.66,-2.26,-1.89,409,269,428,460,305
0.90,-0.35,0.21,-4.76,-4.70,-1.77,407,271,426,472,303
0.89,-0.36,0.23,-2.56,-5.92,-5.43,408,268,427,462,305
0.92,-0.34,0.22,1.46,-1.83,-3.05,409,268,427,464,304
0.92,-0.34,0.22,0.55,-3.60,-1.59,405,270,428,464,304
0.93,-0.32,0.20,-1.40,-3.91,-5.13,405,268,428,463,306
0.93,-0.33,0.20,-0.73,-3.72,-4.09,404,266,423,461,297
0.92,-0.34,0.21,-7.14,-7.14,-6.77,415,267,429,466,306
0.92,-0.35,0.17,4.58,-1.65,-1.22,404,269,427,463,304
0.93,-0.32,0.17,3.05,-4.15,0.12,413,272,424,464,306
0.92,-0.34,0.18,1.71,-2.20,-2.38,406,272,428,462,303
0.90,-0.33,0.24,-0.18,-1.53,0.12,407,269,429,469,306
0.94,-0.34,0.16,-3.30,-2.81,-6.90,405,268,426,463,304
0.92,-0.35,0.17,2.14,-1.16,-2.81,407,271,427,459,305
0.93,-0.32,0.22,0.61,-2.75,-1.71,406,271,427,466,305
0.94,-0.32,0.21,0.37,-0.79,-5.55,404,271,427,463,304
0.94,-0.32,0.19,-4.70,-2.81,-8.36,403,272,423,459,304
0.93,-0.33,0.20,-0.85,-1.71,-0.55,404,272,428,462,304
0.95,-0.38,0.17,-3.23,-1.65,-4.15,404,272,423,463,303
0.93,-0.31,0.14,-6.90,-5.80,-4.64,402,270,426,465,302
0.95,-0.32,0.18,1.22,4.39,-2.50,400,273,424,458,304
0.93,-0.33,0.20,2.26,-5.25,-0.55,402,273,426,458,307
0.92,-0.35,0.19,0.55,-1.46,-2.62,402,271,425,466,312
0.93,-0.34,0.18,-2.62,-4.27,-2.93,433,274,425,464,303
0.92,-0.35,0.19,-2.26,-0.06,-4.27,404,270,426,457,306
0.93,-0.34,0.19,0.61,-2.75,-1.77,404,274,425,462,301
0.93,-0.33,0.19,-1.10,-3.30,-2.26,406,274,421,464,308
0.95,-0.32,0.19,0.49,-2.99,-2.08,406,272,426,458,304
0.92,-0.34,0.18,0.67,-2.32,-2.62,438,277,425,458,305
0.93,-0.33,0.19,1.22,-2.75,-3.17,404,272,427,463,303
0.92,-0.34,0.17,-1.16,-1.22,-5.55,405,272,427,458,306
0.93,-0.31,0.20,-0.49,-2.62,-3.17,402,271,424,473,304
0.92,-0.34,0.19,2.87,-2.08,-2.20,404,275,425,464,304
0.92,-0.34,0.19,-0.06,-4.64,-0.79,403,273,426,474,304
0.93,-0.33,0.19,0.49,-3.85,-2.32,396,271,427,460,304
0.93,-0.34,0.18,0.67,-3.11,-2.56,402,271,426,464,309
0.93,-0.34,0.18,-0.49,-2.87,-3.42,404,274,422,463,307
0.90,-0.35,0.18,-0.06,-1.89,-3.97,404,274,425,463,304
0.93,-0.34,0.18,1.71,-3.36,-1.71,402,271,425,465,304
0.91,-0.35,0.18,1.16,-3.36,-3.42,402,271,424,466,305
0.93,-0.35,0.18,0.18,-2.81,-2.50,413,271,425,464,306
0.93,-0.35,0.18,-0.24,-2.38,-3.05,404,275,427,466,308
0.92,-0.35,0.18,1.16,-4.09,-0.61,403,271,420,464,305
0.93,-0.34,0.19,1.46,-2.62,-3.17,403,272,425,462,308
0.91,-0.35,0.20,2.44,-1.59,-3.23,401,271,424,467,304
0.92,-0.35,0.19,-2.01,-4.21,-2.99,404,275,421,468,304
0.92,-0.35,0.21,0.18,-2.56,-2.20,400,276,424,461,302
0.92,-0.35,0.21,1.40,-3.05,-2.50,403,273,427,459,307
0.93,-0.35,0.19,0.37,-5.68,-3.23,398,273,425,467,306
0.93,-0.35,0.19,-0.92,-3.66,-2.81,400,275,420,467,303
0.91,-0.36,0.20,0.98,-5.00,-1.34,402,269,427,466,307
0.94,-0.35,0.19,-0.73,-2.44,-3.60,401,275,426,463,306
0.91,-0.36,0.20,0.73,-3.48,-1.71,402,271,424,468,301
0.92,-0.36,0.18,-0.12,-2.69,-3.48,401,272,427,462,303
0.92,-0.35,0.18,-0.79,-2.81,-2.93,400,274,425,462,304
0.92,-0.36,0.18,0.85,-3.05,-2.62,402,272,421,462,305
0.92,-0.36,0.18,0.43,-2.44,-3.30,409,273,426,466,305
0.93,-0.35,0.18,-2.01,-3.60,-2.93,399,272,424,463,308
0.94,-0.34,0.18,0.67,-1.83,-3.36,404,275,420,460,302
0.93,-0.35,0.16,0.67,-3.54,-1.89,402,274,421,467,302
0.92,-0.36,0.18,1.16,-2.14,-2.87,403,269,422,462,303
0.93,-0.35,0.18,0.12,-2.32,-2.87,403,275,422,458,307
0.93,-0.34,0.18,0.49,-3.54,-2.20,400,275,427,463,308
0.92,-0.35,0.19,-0.43,-3.05,-3.05,404,274,425,467,305
0.91,-0.36,0.18,2.08,-2.44,-2.08,401,272,424,459,303
0.93,-0.36,0.17,-0.18,-2.50,-3.72,397,273,420,467,304
0.93,-0.34,0.19,1.89,-4.15,-2.56,401,271,424,463,307
0.92,-0.35,0.19,0.31,-2.62,-1.34,401,272,424,467,304
0.92,-0.35,0.18,0.61,-2.38,-2.56,404,276,426,462,306
0.90,-0.35,0.19,0.12,-2.50,-2.81,402,274,425,466,308
0.92,-0.36,0.19,0.92,-1.89,-3.42,398,275,423,457,306
0.92,-0.34,0.21,0.12,-3.60,-2.32,400,274,423,462,306
0.93,-0.34,0.20,0.24,-2.75,-3.11,399,273,422,466,303
0.94,-0.34,0.20,-0.43,-2.44,-3.72,402,274,423,467,304
0.92,-0.36,0.19,-1.16,-3.78,-2.50,428,275,423,462,300
0.92,-0.35,0.21,1.40,-0.73,-4.33,395,275,421,463,305
0.92,-0.35,0.20,-0.92,-5.31,-1.83,402,279,423,457,305
0.92,-0.34,0.21,1.10,-2.26,-2.14,402,277,422,464,306
0.92,-0.34,0.20,-1.10,-2.87,-2.38,402,272,422,465,304
0.92,-0.34,0.20,0.98,-2.26,-3.11,399,275,422,464,305
0.92,-0.34,0.20,0.00,-2.69,-2.99,403,273,422,460,305
0.93,-0.34,0.20,-0.37,-3.17,-1.95,401,273,422,457,307
0.95,-0.34,0.20,0.73,-2.93,-3.91,401,277,421,466,304
0.92,-0.35,0.19,1.10,-3.85,-2.14,410,274,425,465,305
0.92,-0.34,0.20,-0.06,-2.75,-2.56,401,274,420,463,303
0.92,-0.35,0.19,0.98,-2.93,-3.23,403,273,422,464,302
0.92,-0.35,0.20,0.67,-3.30,-2.87,402,278,422,460,306
0.92,-0.34,0.20,0.98,-3.42,-1.83,404,277,421,458,305
0.92,-0.34,0.20,0.79,-2.08,-3.23,405,276,418,463,307
0.93,-0.34,0.20,0.12,-2.44,-3.48,404,279,424,475,302
0.93,-0.34,0.20,-0.24,-3.91,-1.53,405,275,427,458,301
0.93,-0.35,0.19,0.67,-3.48,-2.26,404,274,426,462,304
0.92,-0.35,0.19,1.16,-2.93,-2.26,404,274,419,468,308
0.92,-0.35,0.19,0.31,-3.36,-2.32,400,275,420,467,306
0.93,-0.35,0.19,0.37,-1.22,-7.02,403,275,421,462,305
0.92,-0.35,0.19,-3.42,-5.07,-1.16,404,274,419,467,307
0.91,-0.36,0.17,0.73,-2.81,-2.38,402,274,423,464,305
0.93,-0.35,0.18,0.43,-2.69,-2.56,404,274,423,464,303
0.92,-0.35,0.19,0.61,-3.05,-2.32,402,275,421,465,305
0.90,-0.36,0.16,1.53,-3.30,-3.23,402,275,421,464,305
0.92,-0.35,0.18,0.06,-2.08,-4.39,403,274,421,459,306
0.92,-0.34,0.20,-0.12,-3.17,-2.26,402,274,421,465,305
0.93,-0.34,0.19,0.79,-2.56,-3.17,400,280,423,470,305
0.93,-0.35,0.18,1.04,-2.62,-1.95,400,275,426,464,304
0.92,-0.35,0.18,0.31,-3.66,-2.32,400,275,417,460,305
0.93,-0.34,0.20,0.49,-2.56,-3.30,398,273,423,463,293
0.93,-0.35,0.19,0.92,-2.81,-2.87,397,278,424,465,307
0.92,-0.35,0.18,0.31,-2.50,-2.75,399,277,421,461,305
0.92,-0.35,0.18,0.37,-2.99,-2.08,399,280,420,466,306
0.91,-0.35,0.19,1.53,-2.87,-3.17,399,277,418,465,304
0.92,-0.33,0.19,-0.31,-3.78,-0.61,400,277,417,463,306
0.94,-0.34,0.19,0.24,-5.68,-0.73,400,275,423,463,307
0.91,-0.36,0.19,2.20,-4.39,-1.16,401,275,421,464,303
0.93,-0.34,0.18,0.06,-3.05,-1.71,397,275,422,466,306
0.93,-0.35,0.18,1.04,-2.38,-2.44,400,276,420,463,305
0.91,-0.34,0.18,-1.40,-2.75,-0.67,399,275,421,463,305
0.91,-0.37,0.17,1.59,-4.09,-2.44,401,274,424,466,305
0.92,-0.35,0.18,0.12,-3.11,-1.89,399,277,416,467,305
0.92,-0.35,0.18,-0.31,-3.05,-3.42,399,274,420,467,305
0.92,-0.35,0.17,0.98,-2.93,-1.83,400,277,421,464,304
0.93,-0.35,0.17,0.12,-2.50,-3.05,399,278,419,462,303
0.93,-0.35,0.17,-0.06,-2.75,-2.87,400,278,418,464,307
0.93,-0.34,0.17,1.04,-2.44,-3.30,400,279,417,464,301
0.92,-0.35,0.17,0.55,-3.48,-2.38,397,274,418,466,306
0.93,-0.35,0.17,0.43,-3.36,-1.71,401,275,422,464,302
0.93,-0.35,0.17,-0.43,-3.48,-2.32,399,284,417,467,303
0.93,-0.34,0.16,-0.43,-2.75,-2.62,401,275,422,466,305
0.93,-0.35,0.16,0.92,-3.17,-2.26,400,279,420,458,307
0.92,-0.35,0.17,-0.18,-3.42,-2.08,397,278,421,462,306
0.92,-0.36,0.17,-0.06,-3.23,-1.40,402,273,420,471,305
0.92,-0.36,0.16,0.49,-2.69,-2.69,397,275,418,466,301
0.92,-0.36,0.16,1.40,-2.26,-2.62,400,276,421,462,306
0.93,-0.36,0.16,-0.12,-4.03,-2.93,400,275,417,464,308
0.94,-0.33,0.16,2.32,-2.62,-3.05,400,276,420,462,304
0.91,-0.37,0.15,2.50,-4.46,-2.14,420,274,419,465,305
0.96,-0.35,0.18,0.06,-3.23,-1.04,400,274,419,461,305
0.89,-0.36,0.15,6.77,-3.23,-0.24,401,278,420,462,305
0.94,-0.37,0.10,-4.21,-5.80,-4.76,404,276,422,458,304
0.88,-0.37,0.18,2.62,-1.22,-1.53,400,275,421,462,304
0.91,-0.36,0.14,-2.99,-1.95,-1.95,404,273,432,466,305
0.92,-0.35,0.17,7.45,1.95,-2.32,401,276,418,464,307
0.94,-0.34,0.19,-2.14,-5.68,-2.20,401,276,419,457,306
0.94,-0.34,0.18,-0.31,-2.08,-3.42,402,272,417,466,304
0.91,-0.36,0.16,-0.92,-5.43,-1.71,405,278,416,461,305
0.93,-0.34,0.15,-6.47,-2.14,-8.61,401,277,420,465,304
0.94,-0.35,0.18,-0.98,-2.32,-2.75,403,275,418,459,309
0.92,-0.37,0.14,0.98,-3.05,-2.87,403,273,419,463,302
0.93,-0.35,0.16,0.37,-2.87,-2.99,401,277,418,463,302
0.92,-0.36,0.16,-0.31,-3.23,-2.56,397,277,421,457,306
0.93,-0.35,0.16,-0.31,-2.87,-3.23,402,274,419,462,302
0.93,-0.35,0.16,1.10,-2.56,-3.42,403,277,417,460,303
0.93,-0.34,0.16,-1.28,-3.11,-2.99,404,276,416,462,306
0.95,-0.35,0.15,0.31,-4.52,-2.44,404,276,424,466,308
0.92,-0.35,0.17,0.92,-1.46,-3.66,402,278,415,462,307
0.94,-0.35,0.15,4.82,-4.39,0.06,402,276,419,466,308
0.93,-0.35,0.17,1.22,-1.53,-3.05,402,278,417,457,307
0.92,-0.35,0.17,-0.37,-2.75,-3.48,399,276,420,460,303
0.93,-0.35,0.17,0.00,-2.99,-2.38,402,277,418,460,306
0.93,-0.35,0.17,0.85,-2.56,-2.56,403,273,417,465,307
0.93,-0.35,0.16,0.73,-2.81,-2.69,399,278,418,465,302
0.92,-0.35,0.16,1.83,-3.42,-2.14,402,276,418,463,308
0.92,-0.35,0.17,0.31,-2.69,-3.11,398,280,419,462,305
0.93,-0.35,0.17,-0.61,-2.38,-2.99,403,276,417,457,306
0.92,-0.36,0.16,-0.31,-7.93,2.01,402,278,418,457,306
0.92,-0.36,0.13,1.10,-0.31,-5.68,402,273,418,466,302
0.93,-0.35,0.17,0.61,-2.14,-3.23,405,277,417,457,308
0.92,-0.36,0.16,0.73,-5.13,0.06,430,280,418,462,305
0.92,-0.36,0.15,0.61,-3.78,-1.04,404,277,418,462,305
0.92,-0.37,0.14,0.55,-3.17,-3.42,405,279,419,463,305
0.92,-0.37,0.15,-1.22,-5.68,-1.10,399,279,415,457,304
0.93,-0.37,0.15,2.14,-2.75,-1.46,401,279,416,459,308
0.92,-0.36,0.13,-1.04,-1.95,-4.46,405,278,417,461,305
0.90,-0.38,0.15,-0.98,-2.56,-3.54,403,279,420,463,305
0.90,-0.38,0.15,0.61,-1.71,-3.85,402,278,417,461,307
0.93,-0.36,0.16,2.26,-2.26,-1.71,404,277,418,465,305
0.92,-0.37,0.15,-3.54,-2.62,-3.85,405,276,418,460,306
0.95,-0.35,0.14,2.08,-0.31,-2.81,404,277,417,461,306
0.92,-0.37,0.17,1.22,-2.93,-2.69,403,277,414,464,300
0.93,-0.37,0.15,-1.34,-4.27,-2.01,402,280,416,459,309
0.91,-0.37,0.16,-0.55,-3.78,-1.40,399,275,418,461,304
0.92,-0.37,0.15,0.12,-2.99,-2.81,405,278,415,467,302
0.92,-0.36,0.15,-0.85,-4.15,-1.83,401,287,417,461,308
0.92,-0.37,0.15,-0.92,-3.78,-2.20,402,280,416,462,303
0.93,-0.37,0.14,1.71,-2.01,-2.93,402,276,417,462,304
0.94,-0.37,0.12,2.26,-1.71,-3.23,403,277,418,462,305
0.92,-0.36,0.17,1.89,-2.56,-1.59,402,277,417,466,304
0.92,-0.37,0.15,-1.77,-2.38,-3.60,404,281,417,460,306
0.92,-0.37,0.16,-0.43,-3.11,-2.87,400,280,420,457,307
0.91,-0.38,0.15,-0.79,-4.58,-1.04,421,278,417,463,303
0.91,-0.39,0.13,2.01,-4.46,-0.92,388,282,417,460,307
0.92,-0.38,0.14,3.60,-3.23,-3.42,387,280,418,466,307
0.91,-0.38,0.15,2.62,-3.05,-2.93,384,281,416,463,309
0.90,-0.38,0.16,-3.42,-4.64,-0.37,387,280,419,466,306
0.92,-0.38,0.15,2.01,-3.60,-2.01,389,281,419,467,308
0.91,-0.38,0.16,1.28,-2.20,-3.36,384,285,417,461,314
0.92,-0.37,0.16,-0.67,-2.62,-3.72,383,286,416,458,307
0.91,-0.37,0.15,-0.31,-2.32,-2.69,385,281,417,463,304
0.91,-0.38,0.15,1.10,-2.56,-1.22,386,279,419,462,306
0.92,-0.37,0.16,-0.06,-2.26,-2.93,384,283,415,479,307
0.89,-0.39,0.16,1.34,-4.09,-1.59,375,280,417,471,307
0.92,-0.38,0.16,1.34,-1.10,-4.76,383,280,415,467,309
0.92,-0.35,0.18,-0.06,-2.32,-2.75,385,278,419,459,307
0.91,-0.37,0.17,1.65,-3.05,-3.30,388,280,418,467,307
0.90,-0.39,0.16,-0.98,-3.23,-2.75,382,281,417,463,305
0.93,-0.37,0.18,0.24,-1.59,-4.39,387,284,415,466,307
0.93,-0.37,0.16,1.89,-2.20,-2.75,383,283,418,461,306
0.90,-0.38,0.17,-0.49,-3.60,-3.36,387,279,419,467,306
0.91,-0.38,0.17,-2.32,-1.46,-3.97,389,279,417,464,307
0.92,-0.38,0.17,1.77,-2.20,-2.50,382,282,413,469,308
0.92,-0.37,0.17,1.34,-2.38,-3.23,391,281,414,465,306
0.92,-0.37,0.17,0.00,-3.72,-2.62,383,278,418,468,307
0.92,-0.37,0.17,-0.85,-2.20,-2.87,384,282,419,464,309
0.92,-0.37,0.17,0.49,-3.78,-2.01,395,280,416,465,309
0.92,-0.36,0.17,1.34,-1.95,-5.49,381,284,416,464,309
0.92,-0.36,0.18,-0.43,-3.23,-1.53,388,282,415,460,306
0.91,-0.37,0.15,4.76,-0.98,-3.72,387,283,420,459,304
0.91,-0.35,0.19,-2.14,-3.48,-3.23,383,281,416,461,306
0.92,-0.38,0.22,0.92,-3.85,2.50,386,283,416,469,306
0.92,-0.35,0.22,3.60,-1.46,-2.38,389,281,418,467,305
1.06,-0.27,0.23,25.45,-30.27,-8.18,387,281,418,463,306
0.90,-0.35,0.23,-3.60,-0.24,-1.22,387,282,418,466,308
0.86,-0.38,0.12,0.61,-3.05,-9.89,383,282,416,464,309
0.94,-0.33,0.15,6.71,-4.09,-1.89,388,285,422,464,305
0.98,-0.31,0.17,-0.98,1.04,-5.98,388,284,415,468,305
0.97,-0.32,0.15,-3.05,-2.87,-4.64,391,283,415,466,307
0.93,-0.33,0.17,3.23,-2.93,-3.05,389,282,416,463,308
0.94,-0.33,0.18,-1.65,-3.17,-1.89,389,285,416,467,307
0.93,-0.35,0.17,0.31,-5.55,-0.67,388,282,415,466,310
0.92,-0.36,0.21,2.01,-0.49,-2.99,386,280,415,464,309
0.92,-0.34,0.21,-2.81,-5.74,-0.73,390,283,417,466,307
0.91,-0.37,0.16,-0.85,-6.16,0.67,388,281,417,468,307
0.91,-0.38,0.15,1.53,-3.23,-1.65,387,283,413,465,303
0.94,-0.36,0.18,0.37,-1.53,-2.69,385,281,415,464,307
0.89,-0.39,0.15,-2.01,-4.39,-3.17,388,283,416,466,309
0.92,-0.37,0.16,1.77,-2.99,-2.32,391,283,416,468,306
0.94,-0.36,0.14,1.10,-2.20,-2.75,391,283,418,465,307
0.91,-0.38,0.17,0.49,-3.42,-1.04,385,282,418,462,301
0.92,-0.39,0.13,-4.94,-4.09,-3.91,389,284,417,468,307
0.91,-0.39,0.13,3.36,-2.93,-2.01,385,280,414,469,307
0.92,-0.38,0.13,-1.16,-3.54,-2.38,386,283,416,461,308
0.92,-0.38,0.13,0.79,-3.23,-2.26,389,284,417,464,308
0.92,-0.38,0.13,1.83,-2.14,-2.75,390,285,416,465,304
0.91,-0.38,0.15,0.49,-2.93,-2.08,383,284,417,466,306
0.95,-0.35,0.13,3.36,-0.31,-3.60,386,283,415,469,306
0.90,-0.39,0.15,-3.54,-2.32,-2.87,389,284,413,461,306
0.88,-0.42,0.08,-0.79,-5.62,0.18,390,292,413,465,307
0.90,-0.36,0.18,-2.32,0.31,-12.08,395,284,415,462,310
0.93,-0.34,0.19,-1.22,-4.27,5.62,388,282,416,467,304
0.86,-0.40,0.16,-4.39,-6.41,1.16,388,296,414,463,307
0.91,-0.39,0.12,-1.71,-4.64,-1.77,386,285,415,467,306
0.98,-0.36,0.12,-0.79,-0.79,-5.19,386,285,414,467,308
0.93,-0.36,0.15,3.11,-2.50,-3.05,388,282,414,461,306
0.93,-0.36,0.14,-1.53,-1.77,-2.32,409,285,413,464,307
0.92,-0.38,0.14,-0.61,-2.69,-4.03,388,284,416,466,309
0.92,-0.37,0.14,1.28,-3.23,-2.62,385,284,414,467,309
0.92,-0.37,0.15,0.49,-5.13,-1.65,382,283,414,467,307
0.89,-0.40,0.13,-1.04,-3.30,-0.67,384,300,414,468,306
0.93,-0.39,0.13,1.53,-0.43,-1.65,387,280,415,467,302
0.91,-0.40,0.13,0.43,-1.77,-2.20,380,285,415,461,302
0.89,-0.40,0.16,0.98,-2.87,-1.65,386,281,413,468,307
0.92,-0.38,0.14,-0.73,-3.36,-2.87,383,286,418,469,302
0.91,-0.39,0.12,-2.69,-3.36,-2.20,388,283,417,470,306
0.92,-0.39,0.11,-1.34,-3.17,-0.92,398,284,414,462,307
0.91,-0.39,0.13,-0.49,-2.20,-3.11,381,288,413,466,307
0.91,-0.39,0.13,0.18,-3.05,-2.20,388,284,417,470,307
0.91,-0.40,0.12,0.43,-2.93,-2.62,386,283,413,465,308
0.92,-0.40,0.11,0.37,-3.23,-2.75,383,283,415,463,302
0.90,-0.39,0.13,0.18,-3.66,-2.56,387,291,415,474,307
0.92,-0.39,0.11,-2.38,-3.42,-3.23,382,284,413,462,306
0.92,-0.39,0.11,-0.06,-2.69,-2.75,387,286,410,465,309
0.92,-0.39,0.10,-0.06,-2.81,-2.75,383,284,415,462,307
0.92,-0.39,0.11,-0.12,-3.60,-2.44,389,283,410,466,301
0.91,-0.39,0.10,1.59,-1.89,-3.42,387,285,413,461,305
0.90,-0.41,0.12,1.53,-7.20,-0.55,387,284,412,468,308
0.90,-0.42,0.11,1.71,-2.99,-2.32,387,283,410,466,305
0.91,-0.41,0.12,-0.31,-2.81,-2.50,387,286,413,466,306
0.91,-0.40,0.12,1.59,-2.32,-2.87,388,280,415,464,307
0.93,-0.39,0.12,0.61,-2.69,-2.50,385,281,412,466,309
0.91,-0.41,0.11,-0.43,-3.54,-2.56,413,284,415,468,310
0.91,-0.40,0.11,0.31,-2.62,-2.87,389,285,413,465,309
0.91,-0.40,0.12,0.98,-3.23,-2.93,384,284,425,469,310
0.91,-0.40,0.12,0.37,-2.69,-2.81,386,289,413,462,307
0.91,-0.40,0.11,1.65,-3.36,-2.62,388,286,413,466,308
0.90,-0.41,0.10,-2.81,-4.21,-1.65,389,285,411,463,319
0.92,-0.41,0.11,1.04,-2.99,-1.16,389,287,411,470,309
0.90,-0.42,0.10,-2.20,-5.55,-0.98,390,281,412,464,304
0.89,-0.43,0.08,-0.61,-3.72,-1.46,388,285,412,467,307
0.91,-0.43,0.06,0.49,-3.54,-1.77,387,287,412,463,309
0.90,-0.43,0.08,0.49,-3.11,-2.50,389,284,408,466,310
0.90,-0.43,0.07,-0.06,-2.87,-2.81,384,283,415,469,306
0.90,-0.43,0.06,0.06,-2.75,-2.93,389,285,412,464,308
0.90,-0.43,0.07,1.40,-2.81,-2.20,389,289,412,459,303
0.90,-0.42,0.08,0.06,-2.56,-2.14,387,283,413,467,309
0.90,-0.43,0.07,0.73,-3.11,-2.20,386,285,414,462,309
0.90,-0.43,0.07,0.73,-1.59,-3.66,387,283,414,466,307
0.89,-0.43,0.09,2.01,-1.22,-2.99,387,285,411,465,307
0.92,-0.41,0.08,-0.31,-1.59,-3.85,383,284,414,465,308
0.90,-0.41,0.10,1.28,-2.99,-2.20,391,280,413,469,310
0.90,-0.42,0.09,-0.55,-3.11,-2.62,387,286,412,460,305
0.90,-0.42,0.10,0.37,-2.75,-2.69,387,286,412,467,308
0.91,-0.42,0.09,0.49,-3.05,-3.54,386,285,417,466,304
0.91,-0.41,0.10,0.31,-3.11,-3.11,386,284,412,466,311
0.91,-0.41,0.09,-1.83,-3.30,-3.17,389,287,412,469,308
0.91,-0.41,0.07,-0.12,-2.50,-3.54,389,283,413,469,309
0.91,-0.39,0.13,1.77,-1.16,-3.30,387,284,413,464,308
0.91,-0.42,0.09,-1.40,-4.03,-1.83,388,284,412,470,306
0.91,-0.40,0.10,-0.79,-4.52,-0.85,383,284,412,465,309
0.91,-0.41,0.09,2.44,-1.10,-3.66,386,283,412,464,311
0.90,-0.41,0.09,0.12,-3.60,-2.01,388,284,411,469,308
0.91,-0.40,0.10,1.59,-2.62,-2.93,386,286,409,460,303
0.92,-0.39,0.10,0.06,-2.08,-3.42,391,285,415,461,308
0.92,-0.40,0.11,0.55,-2.32,-3.17,388,287,408,472,306
0.91,-0.39,0.11,1.40,-2.08,-3.78,387,286,412,469,307
0.92,-0.39,0.11,-0.61,-2.38,-3.36,426,285,412,462,306
0.91,-0.39,0.11,-0.18,-2.93,-2.01,388,283,412,462,309
0.91,-0.40,0.11,1.53,-3.36,-1.65,387,284,411,465,311
0.92,-0.39,0.12,-0.12,-3.11,-2.56,388,288,409,469,310
0.92,-0.40,0.10,-0.31,-3.17,-2.44,389,285,409,464,308
0.91,-0.40,0.11,0.12,-4.94,-0.92,390,285,411,465,309
0.91,-0.40,0.12,1.40,-1.71,-3.30,388,284,411,465,309
0.91,-0.40,0.11,0.98,-2.69,-2.32,387,284,410,466,306
0.92,-0.39,0.10,0.12,-2.56,-3.36,390,286,424,466,309
0.91,-0.40,0.11,-0.73,-3.54,-2.69,386,282,410,467,319
0.91,-0.39,0.11,0.85,-2.50,-2.99,388,287,414,465,309
0.91,-0.40,0.11,0.85,-2.81,-2.50,385,286,413,465,306
0.91,-0.40,0.11,0.00,-3.78,-1.95,388,281,421,466,311
0.91,-0.40,0.12,0.79,-3.05,-2.08,387,285,412,465,308
0.91,-0.40,0.12,0.55,-3.23,-1.89,384,283,413,465,309
0.91,-0.40,0.11,0.61,-3.17,-2.20,384,284,409,464,309
0.92,-0.40,0.11,0.18,-2.81,-2.69,387,283,411,467,311
0.91,-0.39,0.12,-0.31,-3.60,-3.54,387,284,408,465,308
0.92,-0.41,0.11,-0.12,-1.95,-4.52,394,285,411,462,306
0.91,-0.40,0.12,-0.49,-4.82,-2.26,388,286,410,465,305
0.91,-0.40,0.10,0.31,-3.42,-2.93,386,290,409,468,308
0.91,-0.40,0.11,0.37,-2.08,-2.93,387,285,411,460,311
0.91,-0.40,0.11,1.34,-3.85,-2.56,393,284,408,467,310
0.92,-0.39,0.11,0.73,-1.89,-2.01,387,283,411,465,309
0.90,-0.40,0.12,1.77,-3.78,-1.83,388,283,410,465,309
0.91,-0.39,0.12,0.06,-2.01,-3.11,387,283,407,464,310
0.91,-0.40,0.12,0.24,-2.50,-2.81,387,286,410,469,309
0.91,-0.39,0.13,0.98,-4.15,-3.66,385,283,412,465,309
0.91,-0.39,0.12,-0.31,-4.46,-1.83,386,292,410,465,311
0.91,-0.39,0.11,1.16,-2.26,-2.56,384,284,411,462,311
0.91,-0.40,0.12,1.83,-4.39,-2.32,383,285,413,466,311
0.92,-0.39,0.11,0.18,-3.36,-2.50,384,285,413,467,305
0.92,-0.39,0.11,2.56,-4.09,-2.38,386,283,411,470,309
0.92,-0.39,0.12,-0.37,-1.10,-3.60,388,281,411,469,307
0.90,-0.39,0.13,-1.10,-4.09,-2.44,387,282,413,464,306
0.92,-0.39,0.13,1.22,-3.78,-2.87,413,286,414,466,311
0.91,-0.40,0.09,-1.28,-4.82,-3.60,383,284,411,461,311
0.91,-0.40,0.10,-2.75,-3.11,-4.15,388,284,413,464,308
0.90,-0.39,0.13,-0.49,-4.76,-2.26,383,282,414,470,307
0.90,-0.39,0.14,-0.79,-3.78,-1.16,387,281,412,467,310
0.90,-0.40,0.13,0.31,-2.56,-2.81,384,284,410,461,310
0.93,-0.39,0.14,0.79,-3.36,-1.71,387,283,412,469,312
0.92,-0.39,0.14,0.98,-1.95,-3.11,387,289,410,467,311
0.92,-0.39,0.14,0.37,-3.05,-3.05,386,285,410,467,300
0.92,-0.38,0.14,1.10,-2.20,-2.87,397,280,411,463,309
0.91,-0.38,0.15,0.37,-3.23,-2.75,386,282,410,468,311
0.91,-0.39,0.14,0.18,-4.15,-2.01,393,282,413,466,311
0.92,-0.39,0.14,1.22,-3.05,-2.93,386,282,408,466,309
0.92,-0.39,0.13,0.92,-3.54,-2.75,389,285,412,468,306
0.92,-0.39,0.14,0.67,-2.87,-3.36,385,279,411,469,310
0.91,-0.39,0.15,0.37,-3.36,-2.62,387,282,410,461,307
0.91,-0.38,0.15,0.79,-3.05,-2.62,384,285,407,467,307
0.91,-0.39,0.14,0.55,-3.48,-2.08,383,282,410,462,306
0.91,-0.38,0.16,1.95,-1.53,-3.11,384,283,417,465,308
0.91,-0.38,0.15,0.06,-3.72,-2.32,388,284,409,471,311
0.92,-0.38,0.15,0.00,-2.99,-2.14,386,281,412,468,309
0.91,-0.38,0.14,0.12,-3.17,-2.69,386,283,410,470,312
0.91,-0.39,0.15,1.16,-3.05,-2.01,386,283,410,469,318
0.92,-0.38,0.15,0.31,-2.75,-2.26,387,286,407,472,306
0.91,-0.38,0.15,-0.92,-3.85,-2.08,385,286,408,472,307
0.91,-0.40,0.15,0.06,-1.83,-4.15,388,287,410,485,308
0.90,-0.39,0.14,1.16,-3.36,-2.62,387,287,409,466,311
0.89,-0.37,0.13,0.55,-2.81,-4.09,386,286,415,472,309
0.93,-0.34,0.17,0.73,1.04,-2.75,387,287,409,468,315
0.91,-0.35,0.23,-6.04,0.18,-7.26,385,286,411,473,311
0.93,-0.35,0.18,7.02,-1.16,-0.85,386,284,414,469,308
0.92,-0.36,0.18,-2.87,-4.52,-2.69,383,282,410,473,309
0.91,-0.36,0.19,-1.34,-3.05,-3.54,384,286,410,463,312
0.92,-0.36,0.18,-1.28,-5.31,-1.34,384,287,410,470,310
0.92,-0.36,0.17,0.98,-3.05,-1.95,381,283,411,471,312
0.92,-0.37,0.16,1.04,-2.44,-1.53,381,287,411,469,312
0.91,-0.37,0.16,-1.65,-2.62,-3.42,373,285,411,472,307
0.93,-0.36,0.18,0.37,-2.69,-2.56,377,284,414,472,308
0.92,-0.37,0.18,0.73,-2.26,-3.36,381,284,411,470,310
0.92,-0.36,0.15,1.22,-2.38,-2.75,378,285,411,469,306
0.92,-0.37,0.17,-0.18,-4.15,-2.38,380,287,414,473,310
0.92,-0.37,0.18,1.83,-2.32,-2.69,381,281,410,473,311
0.92,-0.37,0.17,0.18,-2.93,-2.87,380,284,410,469,310
0.92,-0.36,0.18,0.73,-2.75,-2.14,378,284,407,469,317
0.92,-0.37,0.19,-0.92,-2.50,-3.48,379,287,412,471,311
0.92,-0.36,0.18,0.12,-3.72,-2.20,380,284,407,469,308
0.91,-0.37,0.19,0.85,-1.89,-3.11,380,283,407,470,313
0.92,-0.37,0.18,2.26,-0.67,-2.56,383,285,411,472,309
0.93,-0.36,0.17,-0.18,-1.71,-4.15,382,283,412,467,313
0.90,-0.37,0.18,-0.31,-3.66,-2.01,378,282,408,469,311
0.92,-0.37,0.18,2.01,-2.69,1.16,382,284,410,467,306
0.92,-0.37,0.19,0.06,-2.01,-4.21,377,289,408,472,310
0.92,-0.37,0.19,-2.14,-4.58,-0.92,396,284,409,475,311
0.90,-0.38,0.19,0.37,-3.36,-1.89,380,287,421,472,317
0.91,-0.38,0.16,-0.12,-2.81,-3.23,377,284,407,469,311
0.91,-0.38,0.17,2.87,-2.08,-4.09,383,283,408,463,312
0.90,-0.37,0.20,1.10,-3.11,-4.39,379,283,409,470,313
0.92,-0.35,0.19,-0.61,-3.78,-1.40,375,286,409,465,311
0.92,-0.36,0.19,0.43,-2.38,-3.54,378,282,408,463,313
0.91,-0.36,0.18,0.79,-2.93,-2.01,417,285,407,471,313
0.93,-0.36,0.19,0.67,-2.75,-2.50,382,289,409,469,312
0.91,-0.36,0.18,0.61,-3.23,-2.38,383,286,409,469,313
0.93,-0.36,0.18,0.18,-3.91,-2.50,379,293,405,472,309
0.92,-0.36,0.18,0.67,-2.87,-2.14,382,284,408,472,312
0.92,-0.36,0.19,0.12,-2.62,-3.17,380,285,409,464,316
0.92,-0.35,0.18,0.37,-2.81,-2.50,377,283,409,472,312
0.92,-0.36,0.18,-0.37,-2.62,-2.38,382,283,407,467,313
0.92,-0.37,0.17,0.61,-3.17,-2.44,381,284,407,471,308
0.92,-0.36,0.17,-0.55,-2.93,-2.62,377,287,406,472,314
0.92,-0.38,0.17,-0.31,-3.11,-2.20,381,286,411,470,312
0.92,-0.36,0.18,0.92,-3.05,-2.26,381,287,412,472,308
0.92,-0.37,0.18,0.24,-2.81,-2.50,380,285,409,463,317
0.92,-0.37,0.17,0.55,-2.99,-2.50,380,286,410,468,313
0.92,-0.37,0.18,0.85,-3.23,-2.69,380,287,407,468,312
0.91,-0.37,0.19,0.12,-4.33,-2.87,383,289,408,468,314
0.93,-0.37,0.14,0.85,-3.78,-2.14,381,283,412,467,313
0.92,-0.38,0.10,1.04,-10.01,-1.10,382,284,407,468,314
0.90,-0.38,0.17,0.85,-0.49,-5.80,382,284,406,470,312
0.93,-0.37,0.14,-1.59,-2.26,-4.88,382,285,408,470,310
0.90,-0.35,0.18,-2.56,-5.55,-1.04,387,286,408,469,309
0.90,-0.41,0.14,-4.21,-0.18,-5.74,380,284,410,469,314
0.92,-0.38,0.17,-2.14,-2.38,-3.66,380,283,405,470,311
0.92,-0.37,0.16,0.43,-2.20,-3.66,384,284,405,471,314
0.92,-0.38,0.15,-1.59,-3.42,-3.23,381,287,403,472,311
0.93,-0.36,0.17,-1.46,-3.05,-2.56,380,284,409,471,312
0.92,-0.37,0.15,-0.92,-2.56,-3.60,380,286,407,464,313
0.92,-0.38,0.16,0.18,-2.75,-2.62,383,281,409,473,310
0.91,-0.37,0.14,0.79,-4.76,-0.85,381,285,407,465,312
0.92,-0.37,0.15,1.16,-2.20,-3.60,381,287,408,469,313
0.91,-0.37,0.16,0.31,-2.56,-2.81,382,285,407,466,312
0.92,-0.37,0.16,0.24,-2.56,-2.56,381,284,407,472,311
0.92,-0.37,0.16,0.49,-2.81,-2.38,377,285,407,469,311
0.92,-0.37,0.16,0.79,-2.81,-2.20,378,287,407,471,312
0.92,-0.38,0.16,0.43,-3.23,-1.83,380,285,408,471,311
0.92,-0.37,0.15,-0.37,-3.05,-2.81,371,288,417,468,313
0.92,-0.37,0.16,0.85,-2.99,-2.44,377,288,407,465,313
0.92,-0.37,0.16,0.73,-2.56,-2.50,381,285,406,467,313
0.92,-0.38,0.15,0.67,-2.81,-3.42,382,287,405,468,314
0.91,-0.38,0.16,0.67,-2.50,-3.30,380,285,407,466,312
0.91,-0.37,0.16,0.55,-3.30,-1.95,380,287,406,470,315
0.92,-0.37,0.15,0.73,-2.50,-3.54,380,287,405,472,313
0.92,-0.37,0.16,0.98,-2.69,-2.50,375,287,407,462,309
0.92,-0.37,0.16,0.61,-3.36,-1.77,380,288,406,468,312
0.92,-0.36,0.17,-0.67,-2.62,-2.32,392,283,406,472,311
0.92,-0.37,0.16,0.67,-2.75,-2.32,380,288,407,469,310
0.92,-0.35,0.17,1.34,-3.78,-1.34,376,287,405,469,309
0.91,-0.37,0.16,0.67,-3.36,-1.65,382,287,407,469,312
0.92,-0.37,0.16,-0.37,-3.72,-1.83,382,284,406,468,312
0.92,-0.37,0.16,0.98,-3.30,-2.01,379,283,407,469,309
0.91,-0.37,0.16,0.61,-3.05,-2.26,378,286,407,468,312
0.92,-0.37,0.16,0.37,-3.11,-2.50,394,285,408,468,314
0.92,-0.37,0.16,1.04,-2.87,-3.11,381,285,406,471,311
0.93,-0.36,0.16,0.67,-2.32,-2.93,378,297,407,468,313
0.92,-0.36,0.16,0.31,-3.05,-2.44,383,286,409,467,313
0.92,-0.37,0.15,0.18,-4.03,-1.28,381,284,409,471,311
0.92,-0.37,0.15,-0.67,-2.50,-2.75,380,283,406,466,313
0.92,-0.37,0.16,0.24,-2.75,-2.38,381,287,406,471,312
0.92,-0.37,0.16,0.43,-2.75,-3.05,381,283,407,471,313
0.92,-0.37,0.15,0.67,-3.05,-2.75,383,288,406,463,312
0.92,-0.38,0.15,0.12,-2.62,-2.75,382,285,405,463,305
0.92,-0.38,0.16,0.12,-3.11,-2.69,378,288,406,468,314
0.92,-0.37,0.15,0.98,-3.05,-2.08,382,283,406,467,312
0.92,-0.37,0.15,0.37,-3.54,-2.81,376,285,409,478,310
0.92,-0.37,0.15,0.37,-3.05,-2.26,384,289,409,468,313
